addon,xml_id,model,name,res_model,view_mode,view_id,search_view_id,domain,context,groups,state_or_tag,report_name,binding,code,noupdate,en_manifest,file,line
quimibond_sgi,sgi_action_line_action_all,ir.actions.act_window,Todas las acciones,sgi.action.line,"list,form",,ref:sgi_action_line_view_search,,"{'search_default_open': 1, 'search_default_overdue': 1, 'search_default_group_responsible': 1}",,,,,,no,sí,addons/quimibond_sgi/views/sgi_action_line_views.xml,122
quimibond_sgi,sgi_activity_spec_gap_action,ir.actions.act_window,Faltantes de especificación,sgi.activity.spec.gap,"pivot,list",,ref:sgi_activity_spec_gap_view_search,,{'search_default_errors': 1},,,,,,no,sí,addons/quimibond_sgi/views/sgi_activity_spec_views.xml,50
quimibond_sgi,sgi_activity_week_stat_action,ir.actions.act_window,Cumplimiento semanal,sgi.activity.week.stat,"pivot,list",,ref:sgi_activity_week_stat_view_search,,,,,,,,no,sí,addons/quimibond_sgi/views/sgi_activity_spec_views.xml,119
quimibond_sgi,sgi_alert_source_action,ir.actions.act_window,Fuentes de NC automáticas,sgi.alert.source,"list,form",,,,,,,,,,no,sí,addons/quimibond_sgi/views/sgi_alert_source_views.xml,67
quimibond_sgi,sgi_activity_role_action_approval,ir.actions.act_window,Aprobaciones del SGI,sgi.activity.role,list,ref:sgi_activity_role_view_list_approval,ref:sgi_activity_role_view_search_approval,"[('role', '=', 'aprueba'), ('activity_id.active', '=', True)]",{'search_default_group_process': 1},,,,,,no,sí,addons/quimibond_sgi/views/sgi_approval_native_views.xml,84
quimibond_sgi,sgi_area_action,ir.actions.act_window,Áreas SGI,sgi.area,"list,form",,,,,,,,,,no,sí,addons/quimibond_sgi/views/sgi_area_views.xml,32
quimibond_sgi,sgi_audit_program_action,ir.actions.act_window,Programa de auditorías,sgi.audit.program,"list,form",,,,,,,,,,no,sí,addons/quimibond_sgi/views/sgi_audit_views.xml,61
quimibond_sgi,sgi_audit_action,ir.actions.act_window,Auditorías,sgi.audit,"list,form,activity",,ref:sgi_audit_view_search,,,,,,,,no,sí,addons/quimibond_sgi/views/sgi_audit_views.xml,252
quimibond_sgi,sgi_measure_split_action,ir.actions.act_window,Mediciones por equipo o mercado,sgi.indicator.measure.split,"list,pivot,graph",,ref:sgi_measure_split_view_search,,,,,,,,no,sí,addons/quimibond_sgi/views/sgi_business_line_views.xml,84
quimibond_sgi,sgi_calibration_action,ir.actions.act_window,Calibraciones,sgi.calibration,"list,form",,ref:sgi_calibration_view_search,,,,,,,,no,sí,addons/quimibond_sgi/views/sgi_calibration_views.xml,83
quimibond_sgi,sgi_equipment_action_measuring,ir.actions.act_window,Equipos de medición,maintenance.equipment,"list,form",,,"[('sgi_is_measuring', '=', True)]","{'search_default_group_category': 0, 'default_sgi_is_measuring': True}",,,,,,no,sí,addons/quimibond_sgi/views/sgi_calibration_views.xml,150
quimibond_sgi,sgi_job_family_action,ir.actions.act_window,Familias de puestos,sgi.job.family,"list,form",,,,,,,,,,no,sí,addons/quimibond_sgi/views/sgi_catalog_views.xml,219
quimibond_sgi,sgi_activity_exec_stat_action_who,ir.actions.act_window,Quién hace qué,sgi.activity.exec.stat,"pivot,list,graph",ref:sgi_activity_exec_stat_view_pivot,ref:sgi_activity_exec_stat_view_search,,,,,,,,no,sí,addons/quimibond_sgi/views/sgi_catalog_views.xml,310
quimibond_sgi,sgi_activity_method_action,ir.actions.act_window,Cobertura de medición,sgi.process.activity,"pivot,list",ref:sgi_activity_method_view_pivot,ref:quimibond_sgi.sgi_process_activity_view_search,,,,,,,,no,sí,addons/quimibond_sgi/views/sgi_catalog_views.xml,334
quimibond_sgi,sgi_catalog_load_wizard_action,ir.actions.act_window,Cargar catálogo,sgi.catalog.load.wizard,form,,,,,,,,,,no,sí,addons/quimibond_sgi/views/sgi_catalog_views.xml,402
quimibond_sgi,sgi_spreadsheet_dashboard_action,ir.actions.client,Tablero SGI,,,,,,,,action_spreadsheet_dashboard,,,,no,sí,addons/quimibond_sgi/views/sgi_catalog_views.xml,424
quimibond_sgi,sgi_document_type_action,ir.actions.act_window,Tipos de documento,sgi.document.type,list,,,,,,,,,,no,sí,addons/quimibond_sgi/views/sgi_catalog_views.xml,450
quimibond_sgi,sgi_coa_inbox_action,ir.actions.act_window,COA recibidos por correo,sgi.coa.inbox,"list,form",,ref:sgi_coa_inbox_view_search,,{'search_default_sin_ligar': 1},,,,,,no,sí,addons/quimibond_sgi/views/sgi_coa_views.xml,224
quimibond_sgi,sgi_competence_gap_action,ir.actions.act_window,Brechas de competencia (DNC),sgi.competence.gap,"pivot,list",,ref:sgi_competence_gap_view_search,,{'search_default_group_department': 1},,,,,,no,sí,addons/quimibond_sgi/views/sgi_competence_views.xml,55
quimibond_sgi,sgi_dnc_survey_action,ir.actions.server,Encuesta DNC,ref:survey.model_survey_survey,,,,,,,code,,,"survey = env.ref('quimibond_sgi.sgi_survey_dnc', raise_if_not_found=False) if survey: action = { 'type': 'ir.actions.act_window', 'name': 'Encuesta DNC (F-P-A0…",no,sí,addons/quimibond_sgi/views/sgi_competence_views.xml,84
quimibond_sgi,sgi_complaint_action,ir.actions.server,Reclamaciones de clientes,ref:helpdesk.model_helpdesk_ticket,,,,,,,code,,,"team = env.ref('quimibond_sgi.sgi_helpdesk_team_complaints', raise_if_not_found=False) action = { 'type': 'ir.actions.act_window', 'name': 'Reclamaciones de cl…",no,sí,addons/quimibond_sgi/views/sgi_complaint_views.xml,29
quimibond_sgi,sgi_satisfaction_action,ir.actions.server,Satisfacción del cliente,ref:survey.model_survey_user_input,,,,,,,code,,,"survey = env.ref('quimibond_sgi.sgi_survey_satisfaction', raise_if_not_found=False) action = { 'type': 'ir.actions.act_window', 'name': 'Satisfacción del clien…",no,sí,addons/quimibond_sgi/views/sgi_complaint_views.xml,54
quimibond_sgi,sgi_internal_complaint_action,ir.actions.server,Quejas y sugerencias,ref:helpdesk.model_helpdesk_ticket,,,,,,,code,,,"team = env.ref('quimibond_sgi.sgi_helpdesk_team_voice', raise_if_not_found=False) action = { 'type': 'ir.actions.act_window', 'name': 'Quejas y sugerencias', '…",no,sí,addons/quimibond_sgi/views/sgi_complaint_views.xml,77
quimibond_sgi,sgi_interested_party_action,ir.actions.act_window,Partes interesadas,sgi.interested.party,"list,form",,,,,,,,,,no,sí,addons/quimibond_sgi/views/sgi_context_views.xml,81
quimibond_sgi,sgi_control_plan_action,ir.actions.act_window,Planes de control,sgi.control.plan,"list,form",,ref:sgi_control_plan_view_search,,,,,,,,no,sí,addons/quimibond_sgi/views/sgi_control_plan_views.xml,112
quimibond_sgi,sgi_quality_alert_action_pareto,ir.actions.act_window,Pareto de alertas de calidad,quality.alert,"pivot,graph,list",,,,,,,,,,no,sí,addons/quimibond_sgi/views/sgi_dashboard_views.xml,30
quimibond_sgi,sgi_diagnostic_line_action,ir.actions.act_window,Diagnóstico del SGI,sgi.diagnostic.line,"list,form",,ref:sgi_diagnostic_line_view_search,,,,,,,,no,sí,addons/quimibond_sgi/views/sgi_diagnostic_views.xml,65
quimibond_sgi,sgi_diagnostic_run_action,ir.actions.server,Diagnóstico del SGI,ref:quimibond_sgi.model_sgi_diagnostic,,,,,,,code,,,action = env['sgi.diagnostic'].action_run(),no,sí,addons/quimibond_sgi/views/sgi_diagnostic_views.xml,77
quimibond_sgi,sgi_risk_action,ir.actions.act_window,,,"list,kanban,sgi_diagram,pivot,form,activity",,,,,,,,,,no,sí,addons/quimibond_sgi/views/sgi_diagram_views.xml,146
quimibond_sgi,sgi_legal_requirement_action,ir.actions.act_window,,,"list,sgi_diagram,form",,,,,,,,,,no,sí,addons/quimibond_sgi/views/sgi_diagram_views.xml,150
quimibond_sgi,sgi_interested_party_action,ir.actions.act_window,,,"list,sgi_diagram,form",,,,,,,,,,no,sí,addons/quimibond_sgi/views/sgi_diagram_views.xml,154
quimibond_sgi,sgi_objective_action,ir.actions.act_window,,,"list,sgi_diagram,form",,,,,,,,,,no,sí,addons/quimibond_sgi/views/sgi_diagram_views.xml,158
quimibond_sgi,sgi_indicator_action,ir.actions.act_window,,,"list,sgi_diagram,form,activity",,,,,,,,,,no,sí,addons/quimibond_sgi/views/sgi_diagram_views.xml,162
quimibond_sgi,sgi_policy_action,ir.actions.act_window,,,"list,sgi_diagram,form",,,,,,,,,,no,sí,addons/quimibond_sgi/views/sgi_diagram_views.xml,166
quimibond_sgi,sgi_management_review_action,ir.actions.act_window,,,"list,sgi_diagram,form",,,,,,,,,,no,sí,addons/quimibond_sgi/views/sgi_diagram_views.xml,170
quimibond_sgi,sgi_audit_program_action,ir.actions.act_window,,,"list,sgi_diagram,form",,,,,,,,,,no,sí,addons/quimibond_sgi/views/sgi_diagram_views.xml,174
quimibond_sgi,sgi_emergency_plan_action,ir.actions.act_window,,,"list,sgi_diagram,form,activity",,,,,,,,,,no,sí,addons/quimibond_sgi/views/sgi_diagram_views.xml,178
quimibond_sgi,sgi_equipment_action_measuring,ir.actions.act_window,,,"list,sgi_diagram,form",,,,,,,,,,no,sí,addons/quimibond_sgi/views/sgi_diagram_views.xml,182
quimibond_sgi,sgi_document_action,ir.actions.act_window,,,"list,sgi_diagram,form",,,,,,,,,,no,sí,addons/quimibond_sgi/views/sgi_diagram_views.xml,186
quimibond_sgi,sgi_competence_gap_action,ir.actions.act_window,,,"pivot,sgi_diagram,list",,,,,,,,,,no,sí,addons/quimibond_sgi/views/sgi_diagram_views.xml,190
quimibond_sgi,sgi_activity_exec_stat_action_who,ir.actions.act_window,,,"pivot,sgi_diagram,list,graph",,,,,,,,,,no,sí,addons/quimibond_sgi/views/sgi_diagram_views.xml,194
quimibond_sgi,sgi_hr_job_action_roles,ir.actions.act_window,Puestos y procesos,hr.job,"sgi_diagram,list,form",,,,,,,,,,no,sí,addons/quimibond_sgi/views/sgi_diagram_views.xml,199
quimibond_sgi,sgi_direction_board_action_open,ir.actions.server,Tablero de dirección,ref:quimibond_sgi.model_sgi_direction_board,,,,,,,code,,,action = env['sgi.direction.board'].action_open(),no,sí,addons/quimibond_sgi/views/sgi_direction_board_views.xml,101
quimibond_sgi,sgi_doc_change_board_action,ir.actions.server,Cambios documentales,ref:approvals.model_approval_request,,,,,,,code,,,"category = env.ref('quimibond_sgi.sgi_approval_category_doc_change', raise_if_not_found=False) list_view = env.ref('quimibond_sgi.sgi_doc_change_view_list', ra…",no,sí,addons/quimibond_sgi/views/sgi_doc_change_views.xml,165
quimibond_sgi,sgi_document_action,ir.actions.act_window,Documentos SGI,documents.document,"list,form",,ref:sgi_document_view_search,"[('sgi_is_controlled','=',True)]","{'default_sgi_is_controlled': True, 'search_default_sgi_vigente': 1}",,,,,,no,sí,addons/quimibond_sgi/views/sgi_document_views.xml,281
quimibond_sgi,sgi_document_ack_action,ir.actions.act_window,Acuses de lectura,sgi.document.ack,"list,form",,ref:sgi_document_ack_view_search,,,,,,,,no,sí,addons/quimibond_sgi/views/sgi_document_views.xml,368
quimibond_sgi,sgi_document_resolve_menu_action,ir.actions.server,Resolver menú de Odoo (SGI),ref:documents.model_documents_document,,,,,,,code,,ref:documents.model_documents_document,action = records.action_sgi_resolve_odoo_menu(),no,sí,addons/quimibond_sgi/views/sgi_document_views.xml,382
quimibond_sgi,sgi_migration_action,ir.actions.act_window,Migración de formatos a Odoo,documents.document,"kanban,list,form",,ref:sgi_migration_view_search,"[('sgi_is_controlled', '=', True), ('sgi_doc_type', 'in', ('formato', 'formato_it', 'formulario_odoo')), ('sgi_state', '!=', 'obsoleto')]",,,,,,,no,sí,addons/quimibond_sgi/views/sgi_document_views.xml,477
quimibond_sgi,sgi_emergency_plan_action,ir.actions.act_window,Planes de emergencia,sgi.emergency.plan,"list,form,activity",,ref:sgi_emergency_plan_view_search,,,,,,,,no,sí,addons/quimibond_sgi/views/sgi_emergency_views.xml,102
quimibond_sgi,sgi_emergency_drill_action,ir.actions.act_window,Simulacros,sgi.emergency.drill,"list,form",,ref:sgi_emergency_drill_view_search,,,,,,,,no,sí,addons/quimibond_sgi/views/sgi_emergency_views.xml,216
quimibond_sgi,sgi_epp_delivery_action,ir.actions.act_window,Responsivas de EPP,sgi.epp.delivery,"list,form",,ref:sgi_epp_delivery_view_search,,,,,,,,no,sí,addons/quimibond_sgi/views/sgi_epp_views.xml,105
quimibond_sgi,sgi_external_doc_action,ir.actions.act_window,Documentos externos,documents.document,"list,form",,ref:sgi_external_doc_view_search,"[('sgi_doc_type', '=', 'externo')]","{'default_sgi_is_controlled': True, 'default_sgi_doc_type': 'externo', 'search_default_por_implantar': 1}",,,,,,no,sí,addons/quimibond_sgi/views/sgi_external_doc_views.xml,51
quimibond_sgi,sgi_fmea_action,ir.actions.act_window,AMEF,sgi.fmea,"list,form,activity",,ref:sgi_fmea_view_search,,,,,,,,no,sí,addons/quimibond_sgi/views/sgi_fmea_views.xml,158
quimibond_sgi,sgi_format_map_action,ir.actions.act_window,Formatos en documentos de Odoo,sgi.format.map,"list,form",,,,,,,,,,no,sí,addons/quimibond_sgi/views/sgi_format_map_views.xml,46
quimibond_sgi,sgi_process_hierarchy_action,ir.actions.act_window,Mapa de procesos,sgi.process,"hierarchy,kanban,list,form",,ref:sgi_process_view_search,,,,,,,,no,sí,addons/quimibond_sgi/views/sgi_hierarchy_views.xml,35
quimibond_sgi,sgi_process_action,ir.actions.act_window,,,"sgi_diagram,kanban,list,hierarchy,form",,,,,,,,,,no,sí,addons/quimibond_sgi/views/sgi_hierarchy_views.xml,45
quimibond_sgi,sgi_process_activity_action,ir.actions.act_window,,,"list,kanban,sgi_diagram,hierarchy,form",,,,,,,,,,no,sí,addons/quimibond_sgi/views/sgi_hierarchy_views.xml,86
quimibond_sgi,sgi_health_record_action,ir.actions.act_window,Estudios de higiene y exámenes médicos,sgi.health.record,"list,form",,ref:sgi_health_record_view_search,,{'search_default_por_vencer': 1},,,,,,no,sí,addons/quimibond_sgi/views/sgi_hse_views.xml,90
quimibond_sgi,sgi_csh_inspection_action,ir.actions.act_window,Recorridos de la Comisión de Seguridad e Higiene,sgi.csh.inspection,"list,form",,,,,,,,,,no,sí,addons/quimibond_sgi/views/sgi_hse_views.xml,198
quimibond_sgi,sgi_checklist_template_action,ir.actions.act_window,Checklists de planta y unidades,sgi.checklist.template,"list,form",,,,,,,,,,no,sí,addons/quimibond_sgi/views/sgi_hse_views.xml,267
quimibond_sgi,sgi_checklist_request_action,ir.actions.act_window,Hojas de checklist,maintenance.request,"list,form,pivot",,,"[('sgi_checklist_template_id', '!=', False)]",,,,,,,no,sí,addons/quimibond_sgi/views/sgi_hse_views.xml,310
quimibond_sgi,sgi_checklist_today_action,ir.actions.act_window,Checklists de hoy,maintenance.request,"list,form",,,"[('sgi_checklist_template_id', '!=', False), ('sgi_checklist_employee_id', '=', False), ('sgi_checklist_date', '=', context_today().strftime('%Y-%m-%d'))]",{'create': False},,,,,,no,sí,addons/quimibond_sgi/views/sgi_hse_views.xml,322
quimibond_sgi,sgi_improvement_action,ir.actions.server,Mejoras,ref:project.model_project_task,,,,,,,code,,,"project = env.ref('quimibond_sgi.sgi_project_improvement', raise_if_not_found=False) action = { 'type': 'ir.actions.act_window', 'name': 'Mejora Continua SGI',…",no,sí,addons/quimibond_sgi/views/sgi_improvement_views.xml,23
quimibond_sgi,sgi_incident_action,ir.actions.act_window,Incidentes SST,sgi.incident,"list,form,pivot,activity",,ref:sgi_incident_view_search,,,,,,,,no,sí,addons/quimibond_sgi/views/sgi_incident_views.xml,136
quimibond_sgi,sgi_indicator_action,ir.actions.act_window,Indicadores,sgi.indicator,"list,form,activity",,ref:sgi_indicator_view_search,,{'search_default_vigentes': 1},,,,,,no,sí,addons/quimibond_sgi/views/sgi_indicator_views.xml,214
quimibond_sgi,sgi_measure_action,ir.actions.act_window,Mediciones,sgi.indicator.measure,"list,graph,pivot,form",,ref:sgi_measure_view_search,,,,,,,,no,sí,addons/quimibond_sgi/views/sgi_indicator_views.xml,418
quimibond_sgi,sgi_lock_date_log_action,ir.actions.act_window,Bitácora de bloqueo contable,sgi.lock.date.log,list,,,,,,,,,,no,sí,addons/quimibond_sgi/views/sgi_kpi_fields_views.xml,88
quimibond_sgi,sgi_inventory_value_action,ir.actions.act_window,Valor del inventario por mes,sgi.inventory.value,list,,,,,,,,,,no,sí,addons/quimibond_sgi/views/sgi_kpi_fields_views.xml,111
quimibond_sgi,sgi_legal_requirement_action,ir.actions.act_window,Requisitos legales,sgi.legal.requirement,"list,form",,,,,,,,,,no,sí,addons/quimibond_sgi/views/sgi_legal_views.xml,176
quimibond_sgi,sgi_machine_sheet_action,ir.actions.act_window,Fichas de proceso por máquina,sgi.machine.sheet,"list,form",,,,{'search_default_current': 1},,,,,,no,sí,addons/quimibond_sgi/views/sgi_machine_sheet_views.xml,130
quimibond_sgi,sgi_management_review_action,ir.actions.act_window,Revisión por la Dirección,sgi.management.review,"list,form",,,,,,,,,,no,sí,addons/quimibond_sgi/views/sgi_management_review_views.xml,134
quimibond_sgi,sgi_activity_change_action_new,ir.actions.server,Nueva actividad (propuesta),ref:model_sgi_activity_change,,,,,,,code,,,action = model.action_sgi_new_from_context(),no,sí,addons/quimibond_sgi/views/sgi_mp_change_views.xml,99
quimibond_sgi,sgi_msa_study_action,ir.actions.act_window,Estudios MSA,sgi.msa.study,"list,form",,ref:sgi_msa_study_view_search,,,,,,,,no,sí,addons/quimibond_sgi/views/sgi_msa_views.xml,80
quimibond_sgi,sgi_indicator_action_mine,ir.actions.act_window,Mis indicadores,sgi.indicator,"list,form",,,"[('responsible_id', '=', uid)]",{'create': False},,,,,,no,sí,addons/quimibond_sgi/views/sgi_my_procedure_views.xml,643
quimibond_sgi,sgi_nc_board_action,ir.actions.server,No Conformidades,ref:quality_control.model_quality_alert,,,,,,,code,,,"team_int = env.ref('quimibond_sgi.sgi_quality_team_internal', raise_if_not_found=False) team_ext = env.ref('quimibond_sgi.sgi_quality_team_external', raise_if_…",no,sí,addons/quimibond_sgi/views/sgi_nonconformity_views.xml,236
quimibond_sgi,sgi_nc_lessons_action,ir.actions.act_window,Lecciones aprendidas,quality.alert,"list,form",ref:sgi_nc_lessons_view_list,,"[('sgi_folio', '!=', False), ('sgi_lesson_captured', '=', True)]",,,,,,,no,sí,addons/quimibond_sgi/views/sgi_nonconformity_views.xml,368
quimibond_sgi,sgi_norm_action,ir.actions.act_window,Normas ISO,sgi.norm,"list,form",,,,,,,,,,no,sí,addons/quimibond_sgi/views/sgi_norm_views.xml,48
quimibond_sgi,sgi_norm_clause_action,ir.actions.act_window,Cláusulas,sgi.norm.clause,"list,form",,,,{'search_default_group_norm': 1},,,,,,no,sí,addons/quimibond_sgi/views/sgi_norm_views.xml,139
quimibond_sgi,sgi_objective_action,ir.actions.act_window,Objetivos Integrales,sgi.objective,"list,form",,,,,,,,,,no,sí,addons/quimibond_sgi/views/sgi_objective_views.xml,77
quimibond_sgi,sgi_policy_action,ir.actions.act_window,Política Integral,sgi.policy,"list,form",,,,,,,,,,no,sí,addons/quimibond_sgi/views/sgi_policy_views.xml,92
quimibond_sgi,sgi_ppap_action,ir.actions.act_window,PPAP,sgi.ppap,"list,form",,ref:sgi_ppap_view_search,,,,,,,,no,sí,addons/quimibond_sgi/views/sgi_ppap_views.xml,114
quimibond_sgi,sgi_ppap_element_template_action,ir.actions.act_window,Catálogo de elementos PPAP,sgi.ppap.element.template,list,,,,,,,,,,no,sí,addons/quimibond_sgi/views/sgi_ppap_views.xml,138
quimibond_sgi,sgi_process_activity_action,ir.actions.act_window,Actividades de procedimiento,sgi.process.activity,"list,kanban,form",,ref:sgi_process_activity_view_search,,,,,,,,no,sí,addons/quimibond_sgi/views/sgi_process_procedure_views.xml,508
quimibond_sgi,sgi_activity_compliance_action,ir.actions.act_window,Cumplimiento de procedimientos,sgi.process.activity,"pivot,graph,list",,ref:sgi_process_activity_view_search,"[('measure_model_id', '!=', False)]",,,,,,,no,sí,addons/quimibond_sgi/views/sgi_process_procedure_views.xml,607
quimibond_sgi,sgi_process_action,ir.actions.act_window,Procesos,sgi.process,"kanban,list,form",,ref:sgi_process_view_search,,,,,,,,no,sí,addons/quimibond_sgi/views/sgi_process_views.xml,438
quimibond_sgi,sgi_risk_category_action,ir.actions.act_window,Categorías de riesgo,sgi.risk.category,list,,,,,,,,,,no,sí,addons/quimibond_sgi/views/sgi_risk_views.xml,14
quimibond_sgi,sgi_risk_action,ir.actions.act_window,Riesgos y oportunidades,sgi.risk,"kanban,list,pivot,form,activity",,ref:sgi_risk_view_search,,{'search_default_vigentes': 1},,,,,,no,sí,addons/quimibond_sgi/views/sgi_risk_views.xml,255
quimibond_sgi,sgi_sales_budget_import_action,ir.actions.act_window,Importar desde Excel,sgi.sales.budget.import,form,,,,,,,,ref:model_sgi_sales_budget,,no,sí,addons/quimibond_sgi/views/sgi_sales_budget_views.xml,508
quimibond_sgi,sgi_sales_budget_action,ir.actions.act_window,Presupuesto de ventas (F-P-A28-17/18),sgi.sales.budget,"list,form",,ref:sgi_sales_budget_view_search,"[('kind', '=', 'presupuesto')]","{'search_default_not_obsolete': 1, 'default_kind': 'presupuesto'}",,,,,,no,sí,addons/quimibond_sgi/views/sgi_sales_budget_views.xml,517
quimibond_sgi,sgi_sales_forecast_action,ir.actions.act_window,Pronóstico de ventas (F-P-A28-13),sgi.sales.budget,"list,form",,ref:sgi_sales_budget_view_search,"[('kind', '=', 'pronostico')]","{'search_default_not_obsolete': 1, 'default_kind': 'pronostico'}",,,,,,no,sí,addons/quimibond_sgi/views/sgi_sales_budget_views.xml,553
quimibond_sgi,sgi_sales_analysis_mercado_action,ir.actions.act_window,Por mercado,sgi.sales.budget.line,"pivot,list",,ref:sgi_sales_budget_line_view_search,,"{'search_default_vigente': 1, 'search_default_presupuesto': 1, 'search_default_year_current': 1}",,,,,,no,sí,addons/quimibond_sgi/views/sgi_sales_budget_views.xml,669
quimibond_sgi,sgi_sales_analysis_cliente_action,ir.actions.act_window,Por cliente,sgi.sales.budget.line,"pivot,list",,ref:sgi_sales_budget_line_view_search,,"{'search_default_vigente': 1, 'search_default_presupuesto': 1, 'search_default_year_current': 1}",,,,,,no,sí,addons/quimibond_sgi/views/sgi_sales_budget_views.xml,681
quimibond_sgi,sgi_sales_analysis_producto_action,ir.actions.act_window,Por producto,sgi.sales.budget.line,"pivot,list",,ref:sgi_sales_budget_line_view_search,,"{'search_default_vigente': 1, 'search_default_presupuesto': 1, 'search_default_year_current': 1}",,,,,,no,sí,addons/quimibond_sgi/views/sgi_sales_budget_views.xml,698
quimibond_sgi,sgi_sales_analysis_global_action,ir.actions.act_window,Global (Dirección),sgi.sales.budget.line,graph,,ref:sgi_sales_budget_line_view_search,,"{'search_default_vigente': 1, 'search_default_presupuesto': 1, 'search_default_year_current': 1}",,,,,,no,sí,addons/quimibond_sgi/views/sgi_sales_budget_views.xml,710
quimibond_sgi,sgi_sales_budget_action,ir.actions.act_window,,,"kanban,list,form",,,,,,,,,,no,sí,addons/quimibond_sgi/views/sgi_sales_budget_views.xml,517
quimibond_sgi,sgi_sales_forecast_action,ir.actions.act_window,,,"kanban,list,form",,,,,,,,,,no,sí,addons/quimibond_sgi/views/sgi_sales_budget_views.xml,553
quimibond_sgi,sgi_config_settings_action,ir.actions.act_window,Ajustes del SGI,res.config.settings,form,,,,{'module': 'quimibond_sgi'},,,,,,no,sí,addons/quimibond_sgi/views/sgi_settings_views.xml,203
quimibond_sgi,sgi_slide_channel_action,ir.actions.act_window,Cursos y competencias (eLearning),slide.channel,list,ref:sgi_slide_channel_view_list,,,,,,,,,no,sí,addons/quimibond_sgi/views/sgi_sign_elearning_views.xml,19
quimibond_sgi,sgi_staff_efficiency_action,ir.actions.act_window,Eficiencias de personal,sgi.staff.efficiency,"list,form",,,,,,,,,,no,sí,addons/quimibond_sgi/views/sgi_staff_efficiency_views.xml,134
quimibond_sgi,sgi_staff_efficiency_line_action,ir.actions.act_window,Análisis de eficiencias,sgi.staff.efficiency.line,"pivot,list",,,,,,,,,,no,sí,addons/quimibond_sgi/views/sgi_staff_efficiency_views.xml,146
quimibond_sgi,sgi_supplier_eval_action,ir.actions.act_window,Evaluaciones de proveedores,sgi.supplier.eval,"list,form",,ref:sgi_supplier_eval_view_search,,,,,,,,no,sí,addons/quimibond_sgi/views/sgi_supplier_eval_views.xml,91
quimibond_sgi,sgi_supplier_eval_recompute_action,ir.actions.server,Recalcular métricas (SGI),ref:model_sgi_supplier_eval,,,,,,,code,,ref:model_sgi_supplier_eval,records.action_recompute(),no,sí,addons/quimibond_sgi/views/sgi_supplier_eval_views.xml,104
quimibond_sgi,action_report_8d,ir.actions.report,Reporte 8D,quality.alert,,,,,,,qweb-pdf,quimibond_sgi.report_8d_document,ref:quality.model_quality_alert,,no,sí,addons/quimibond_sgi/report/report_8d.xml,7
quimibond_sgi,action_report_audit_plan,ir.actions.report,Plan de auditoría (F-P-G03-03),sgi.audit,,,,,,,qweb-pdf,quimibond_sgi.report_audit_plan_document,ref:model_sgi_audit,,no,sí,addons/quimibond_sgi/report/report_audit.xml,4
quimibond_sgi,action_report_audit_report,ir.actions.report,Informe de auditoría,sgi.audit,,,,,,,qweb-pdf,quimibond_sgi.report_audit_report_document,ref:model_sgi_audit,,no,sí,addons/quimibond_sgi/report/report_audit.xml,49
quimibond_sgi,action_report_calibration_label,ir.actions.report,Etiqueta: equipo calibrado,sgi.calibration,,,,,,,qweb-pdf,quimibond_sgi.report_calibration_label_document,ref:model_sgi_calibration,,no,sí,addons/quimibond_sgi/report/report_calibration_label.xml,5
quimibond_sgi,action_report_out_of_service_label,ir.actions.report,Etiqueta: FUERA DE SERVICIO,sgi.calibration,,,,,,,qweb-pdf,quimibond_sgi.report_out_of_service_label_document,ref:model_sgi_calibration,,no,sí,addons/quimibond_sgi/report/report_calibration_label.xml,16
quimibond_sgi,action_report_coa,ir.actions.report,Certificado de Calidad / Certificate of Analysis (P-C07),stock.lot,,,,,,,qweb-pdf,quimibond_sgi.report_coa_document,,,no,sí,addons/quimibond_sgi/report/report_coa.xml,3
quimibond_sgi,action_report_compliance_matrix,ir.actions.report,Matriz de cumplimiento,sgi.norm,,,,,,,qweb-pdf,quimibond_sgi.report_compliance_matrix_document,ref:model_sgi_norm,,no,sí,addons/quimibond_sgi/report/report_compliance_matrix.xml,18
quimibond_sgi,action_report_dev_request,ir.actions.report,Solicitud de desarrollo,project.project,,,,,,,qweb-pdf,quimibond_sgi.report_dev_request_document,ref:project.model_project_project,,no,sí,addons/quimibond_sgi/report/report_dev_request.xml,4
quimibond_sgi,action_report_risk_matrix,ir.actions.report,Matriz de riesgos del proceso,sgi.process,,,,,,,qweb-pdf,quimibond_sgi.report_risk_matrix_document,ref:model_sgi_process,,no,sí,addons/quimibond_sgi/report/report_direction.xml,4
quimibond_sgi,action_report_competence_matrix,ir.actions.report,Matriz de competencias (SGI),hr.department,,,,,,,qweb-pdf,quimibond_sgi.report_competence_matrix_document,ref:hr.model_hr_department,,no,sí,addons/quimibond_sgi/report/report_direction.xml,60
quimibond_sgi,action_report_doc_change,ir.actions.report,Cambio documental (F-P-G01-06),approval.request,,,,,,,qweb-pdf,quimibond_sgi.report_doc_change_document,,,no,sí,addons/quimibond_sgi/report/report_doc_change.xml,20
quimibond_sgi,action_report_epp_delivery,ir.actions.report,Responsiva de EPP,sgi.epp.delivery,,,,,,,qweb-pdf,quimibond_sgi.report_epp_delivery_document,ref:model_sgi_epp_delivery,,no,sí,addons/quimibond_sgi/report/report_epp_delivery.xml,5
quimibond_sgi,action_report_fmea,ir.actions.report,AMEF (P-C10),sgi.fmea,,,,,,,qweb-pdf,quimibond_sgi.report_fmea_document,ref:model_sgi_fmea,,no,sí,addons/quimibond_sgi/report/report_fmea.xml,3
quimibond_sgi,action_report_incident,ir.actions.report,Investigación de Incidente SST (P-S02),sgi.incident,,,,,,,qweb-pdf,quimibond_sgi.report_incident_document,ref:model_sgi_incident,,no,sí,addons/quimibond_sgi/report/report_incident.xml,3
quimibond_sgi,action_report_knowledge_instruction,ir.actions.report,Instructivo (artículo de Knowledge),knowledge.article,,,,,,,qweb-pdf,quimibond_sgi.report_knowledge_instruction_document,,,no,sí,addons/quimibond_sgi/report/report_knowledge_instruction.xml,4
quimibond_sgi,action_report_machine_sheet,ir.actions.report,Ficha técnica de proceso por máquina,sgi.machine.sheet,,,,,,,qweb-pdf,quimibond_sgi.report_machine_sheet_document,ref:model_sgi_machine_sheet,,no,sí,addons/quimibond_sgi/report/report_machine_sheet.xml,3
quimibond_sgi,action_report_master_list,ir.actions.report,Lista maestra de documentos,sgi.process,,,,,,,qweb-pdf,quimibond_sgi.report_master_list_document,ref:model_sgi_process,,no,sí,addons/quimibond_sgi/report/report_master_list.xml,4
quimibond_sgi,action_report_legal_matrix,ir.actions.report,Matriz de requisitos legales,sgi.legal.requirement,,,,,,,qweb-pdf,quimibond_sgi.report_legal_matrix_document,ref:model_sgi_legal_requirement,,no,sí,addons/quimibond_sgi/report/report_master_list.xml,60
quimibond_sgi,sgi_document_master_list_action,ir.actions.act_window,Lista maestra de documentos (DOC-3),documents.document,"list,form",ref:sgi_document_master_list_view_list,ref:sgi_document_view_search,"[('sgi_is_controlled', '=', True)]","{'search_default_sgi_vigente': 1, 'search_default_group_area': 1, 'sgi_master_list': 1}",,,,,,no,sí,addons/quimibond_sgi/report/report_master_list_all.xml,28
quimibond_sgi,action_report_master_list_all,ir.actions.report,Lista maestra de documentos (F-P-G01-03),documents.document,,,,,,,qweb-pdf,quimibond_sgi.report_master_list_all_document,ref:documents.model_documents_document,,no,sí,addons/quimibond_sgi/report/report_master_list_all.xml,43
quimibond_sgi,action_report_mgmt_review,ir.actions.report,Acta de Revisión por la Dirección (F-IT-P-A10-01-01),sgi.management.review,,,,,,,qweb-pdf,quimibond_sgi.report_mgmt_review_document,ref:model_sgi_management_review,,no,sí,addons/quimibond_sgi/report/report_mgmt_review.xml,3
quimibond_sgi,action_report_my_procedure,ir.actions.report,Mi procedimiento (por puesto),hr.job,,,,,,,qweb-pdf,quimibond_sgi.report_my_procedure_document,ref:hr.model_hr_job,,no,sí,addons/quimibond_sgi/report/report_my_procedure.xml,18
quimibond_sgi,action_report_nc,ir.actions.report,Reporte de No Conformidad (F-P-G05-01),quality.alert,,,,,,,qweb-pdf,quimibond_sgi.report_nc_document,ref:quality_control.model_quality_alert,,no,sí,addons/quimibond_sgi/report/report_nc.xml,3
quimibond_sgi,action_report_news,ir.actions.report,Boletín NEWS (F-P-G01-16),approval.request,,,,,,,qweb-pdf,quimibond_sgi.report_news_document,,,no,sí,addons/quimibond_sgi/report/report_news.xml,3
quimibond_sgi,action_report_procedure,ir.actions.report,Imprimir procedimiento (F-P-G01-02),sgi.process,,,,,,,qweb-pdf,quimibond_sgi.report_procedure_document,ref:model_sgi_process,,no,sí,addons/quimibond_sgi/report/report_procedure.xml,3
quimibond_sgi,action_report_retention,ir.actions.report,Tabla de retención de registros,documents.document,,,,,,,qweb-pdf,quimibond_sgi.report_retention_document,ref:documents.model_documents_document,,no,sí,addons/quimibond_sgi/report/report_retention.xml,5
quimibond_sgi,action_report_sales_budget,ir.actions.report,Presupuesto de ventas (F-P-A28-17/18),sgi.sales.budget,,,,,,,qweb-pdf,quimibond_sgi.report_sales_budget_document,,,no,sí,addons/quimibond_sgi/report/report_sales_budget.xml,3
quimibond_sgi,action_report_ack_sign_sheet,ir.actions.report,Constancia de lectura (hoja de firma),documents.document,,,,,,,qweb-pdf,quimibond_sgi.report_ack_sign_sheet_document,,,no,sí,addons/quimibond_sgi/report/report_sign_sheet.xml,27
quimibond_sgi,action_report_epp_sign_sheet,ir.actions.report,Recibí el EPP (hoja de firma),sgi.epp.delivery,,,,,,,qweb-pdf,quimibond_sgi.report_epp_sign_sheet_document,,,no,sí,addons/quimibond_sgi/report/report_sign_sheet.xml,52
quimibond_sgi,action_report_publish_sign_sheet,ir.actions.report,Firmas de publicación (hoja de firma),documents.document,,,,,,,qweb-pdf,quimibond_sgi.report_publish_sign_sheet_document,,,no,sí,addons/quimibond_sgi/report/report_sign_sheet.xml,78
quimibond_sgi,action_report_staff_efficiency,ir.actions.report,Eficiencias de personal,sgi.staff.efficiency,,,,,,,qweb-pdf,quimibond_sgi.report_staff_efficiency_document,ref:model_sgi_staff_efficiency,,no,sí,addons/quimibond_sgi/report/report_staff_efficiency.xml,3
quimibond_sgi,sgi_my_procedure_action_mine,ir.actions.server,Mi procedimiento,ref:quimibond_sgi.model_sgi_my_procedure,,,,,,,code,,,action = env['sgi.my.procedure'].action_open_mine(),no,sí,addons/quimibond_sgi/data/sgi_my_procedure_data.xml,18
quimibond_sgi,sgi_my_pending_action_mine,ir.actions.server,Mis pendientes,ref:quimibond_sgi.model_sgi_my_pending,,,,,,,code,,,action = env['sgi.my.pending'].action_open_mine(),no,sí,addons/quimibond_sgi/data/sgi_my_procedure_data.xml,27
quimibond_sgi,sgi_my_procedure_action_publish,ir.actions.server,Publicar Mi procedimiento,ref:quimibond_sgi.model_sgi_my_procedure_check,,,,,,,code,,,action = env['sgi.my.procedure.check'].action_open(),no,sí,addons/quimibond_sgi/data/sgi_my_procedure_data.xml,37
quimibond_sgi,sgi_my_team_action_mine,ir.actions.server,Mi equipo,ref:hr.model_hr_employee_public,,,,,,,code,,,action = env['hr.employee.public'].action_open_my_team(),no,sí,addons/quimibond_sgi/data/sgi_my_procedure_data.xml,45
quimibond_sgi_revisado,mrp_revision_log_action_pareto,ir.actions.act_window,Pareto de defectos de revisado,mrp.revision.log,"pivot,graph,list",,ref:mrp_revision_log_view_search,,"{'search_default_con_defecto': 1, 'search_default_group_causa': 1}",,,,,,no,sí,addons/quimibond_sgi_revisado/views/mrp_revision_log_views.xml,44
