addon,xml_id,name,inherit_id,priority,noupdate,en_manifest,file,line
quimibond_sgi,portal_nc_page,NC a proveedor (portal),,,no,sí,addons/quimibond_sgi/views/sgi_portal_templates.xml,4
quimibond_sgi,report_8d_document,,,,no,sí,addons/quimibond_sgi/report/report_8d.xml,17
quimibond_sgi,report_audit_plan_document,,,,no,sí,addons/quimibond_sgi/report/report_audit.xml,14
quimibond_sgi,report_audit_report_document,,,,no,sí,addons/quimibond_sgi/report/report_audit.xml,59
quimibond_sgi,sgi_calibration_label_box,,,,no,sí,addons/quimibond_sgi/report/report_calibration_label.xml,27
quimibond_sgi,report_calibration_label_document,,,,no,sí,addons/quimibond_sgi/report/report_calibration_label.xml,51
quimibond_sgi,report_out_of_service_label_document,,,,no,sí,addons/quimibond_sgi/report/report_calibration_label.xml,67
quimibond_sgi,report_coa_document,,,,no,sí,addons/quimibond_sgi/report/report_coa.xml,12
quimibond_sgi,report_compliance_matrix_document,,,,no,sí,addons/quimibond_sgi/report/report_compliance_matrix.xml,30
quimibond_sgi,report_dev_request_document,,,,no,sí,addons/quimibond_sgi/report/report_dev_request.xml,15
quimibond_sgi,report_risk_matrix_document,,,,no,sí,addons/quimibond_sgi/report/report_direction.xml,15
quimibond_sgi,report_competence_matrix_document,,,,no,sí,addons/quimibond_sgi/report/report_direction.xml,71
quimibond_sgi,report_doc_change_document,,,,no,sí,addons/quimibond_sgi/report/report_doc_change.xml,30
quimibond_sgi,report_epp_delivery_document,,,,no,sí,addons/quimibond_sgi/report/report_epp_delivery.xml,16
quimibond_sgi,report_fmea_document,,,,no,sí,addons/quimibond_sgi/report/report_fmea.xml,14
quimibond_sgi,report_incident_document,,,,no,sí,addons/quimibond_sgi/report/report_incident.xml,13
quimibond_sgi,report_knowledge_instruction_document,,,,no,sí,addons/quimibond_sgi/report/report_knowledge_instruction.xml,12
quimibond_sgi,report_machine_sheet_document,,,,no,sí,addons/quimibond_sgi/report/report_machine_sheet.xml,14
quimibond_sgi,report_master_list_document,,,,no,sí,addons/quimibond_sgi/report/report_master_list.xml,15
quimibond_sgi,report_legal_matrix_document,,,,no,sí,addons/quimibond_sgi/report/report_master_list.xml,71
quimibond_sgi,report_master_list_all_document,,,,no,sí,addons/quimibond_sgi/report/report_master_list_all.xml,54
quimibond_sgi,report_mgmt_review_document,,,,no,sí,addons/quimibond_sgi/report/report_mgmt_review.xml,13
quimibond_sgi,report_my_procedure_header,,,,no,sí,addons/quimibond_sgi/report/report_my_procedure.xml,31
quimibond_sgi,report_my_procedure_footer,,,,no,sí,addons/quimibond_sgi/report/report_my_procedure.xml,65
quimibond_sgi,report_my_procedure_entry,,,,no,sí,addons/quimibond_sgi/report/report_my_procedure.xml,79
quimibond_sgi,report_my_procedure_document,,,,no,sí,addons/quimibond_sgi/report/report_my_procedure.xml,126
quimibond_sgi,report_nc_document,,,,no,sí,addons/quimibond_sgi/report/report_nc.xml,13
quimibond_sgi,report_news_document,,,,no,sí,addons/quimibond_sgi/report/report_news.xml,11
quimibond_sgi,report_procedure_header,,,,no,sí,addons/quimibond_sgi/report/report_procedure.xml,15
quimibond_sgi,report_procedure_footer,,,,no,sí,addons/quimibond_sgi/report/report_procedure.xml,55
quimibond_sgi,report_procedure_document,,,,no,sí,addons/quimibond_sgi/report/report_procedure.xml,71
quimibond_sgi,report_retention_document,,,,no,sí,addons/quimibond_sgi/report/report_retention.xml,15
quimibond_sgi,report_sales_budget_document,,,,no,sí,addons/quimibond_sgi/report/report_sales_budget.xml,12
quimibond_sgi,report_sales_forecast_page,,,,no,sí,addons/quimibond_sgi/report/report_sales_budget.xml,111
quimibond_sgi,report_sign_sheet_body,,,,no,sí,addons/quimibond_sgi/report/report_sign_sheet.xml,7
quimibond_sgi,report_ack_sign_sheet_document,,,,no,sí,addons/quimibond_sgi/report/report_sign_sheet.xml,36
quimibond_sgi,report_epp_sign_sheet_document,,,,no,sí,addons/quimibond_sgi/report/report_sign_sheet.xml,61
quimibond_sgi,report_publish_sign_sheet_document,,,,no,sí,addons/quimibond_sgi/report/report_sign_sheet.xml,87
quimibond_sgi,report_staff_efficiency_document,,,,no,sí,addons/quimibond_sgi/report/report_staff_efficiency.xml,14
quimibond_sgi,sgi_format_footer,,,,no,sí,addons/quimibond_sgi/report/sgi_format_footer.xml,5
quimibond_sgi,report_saleorder_document_sgi,,sale.report_saleorder_document,,no,sí,addons/quimibond_sgi/report/sgi_format_footer.xml,14
quimibond_sgi,report_purchaseorder_document_sgi,,purchase.report_purchaseorder_document,,no,sí,addons/quimibond_sgi/report/sgi_format_footer.xml,22
quimibond_sgi,report_delivery_document_sgi,,stock.report_delivery_document,,no,sí,addons/quimibond_sgi/report/sgi_format_footer.xml,30
quimibond_sgi,report_nc_document_sgi,,quimibond_sgi.report_nc_document,,no,sí,addons/quimibond_sgi/report/sgi_format_footer.xml,42
quimibond_sgi,report_coa_document_sgi,,quimibond_sgi.report_coa_document,,no,sí,addons/quimibond_sgi/report/sgi_format_footer.xml,50
quimibond_sgi,report_mgmt_review_document_sgi,,quimibond_sgi.report_mgmt_review_document,,no,sí,addons/quimibond_sgi/report/sgi_format_footer.xml,58
