model_xmlid,base.group_user,group_sgi_admin,group_sgi_auditor,group_sgi_director,group_sgi_manager,group_sgi_user,hr.group_hr_user,maintenance.group_equipment_manager,mrp.group_mrp_user,purchase.group_purchase_user,quality.group_quality_user,quimibond_sgi.group_sgi_efficiency_capture,quimibond_sgi.group_sgi_manager,sales_team.group_sale_manager,stock.group_stock_user
approvals.model_approval_request,,,R---,,,,,,,,,,,,
documents.model_documents_document,,,R---,,,,,,,,,,,,
helpdesk.model_helpdesk_team,,,R---,,,,,,,,,,,,
helpdesk.model_helpdesk_ticket,,,R---,,,,,,,,,,,,
maintenance.model_maintenance_equipment,,,R---,,,,,,,,,,,,
maintenance.model_maintenance_request,,,R---,,,,,,,,,,,,
model_sgi_action_line,,,R---,,RWCU,RWC-,,,,,,,,,
model_sgi_activity_change,RWC-,,,,,,,,,,,,RWCU,,
model_sgi_activity_change_role,RWCU,,,,,,,,,,,,,,
model_sgi_activity_exec_stat,,,R---,,,R---,,,,,,,,,
model_sgi_activity_input,,,R---,,RWCU,R---,,,,,,,,,
model_sgi_activity_link,,,R---,,RWCU,R---,,,,,,,,,
model_sgi_activity_role,,,R---,,RWCU,R---,,,,,,,,,
model_sgi_activity_spec_gap,,,R---,,RWCU,R---,,,,,,,,,
model_sgi_activity_week_stat,,,R---,,RWCU,R---,,,,,,,,,
model_sgi_acuse_attach_wizard,RWC-,,,,,,,,,,,,,,
model_sgi_alert_source,,,R---,,RW--,R---,,,,,,,,,
model_sgi_area,,,R---,,RWCU,R---,,,,,,,,,
model_sgi_audit,,,RWC-,,RWCU,R---,,,,,,,,,
model_sgi_audit_checklist_line,,,RWCU,,RWCU,R---,,,,,,,,,
model_sgi_audit_finding,,,RWCU,,RWCU,R---,,,,,,,,,
model_sgi_audit_program,,,RWC-,,RWCU,R---,,,,,,,,,
model_sgi_audit_program_line,,,RWC-,,RWCU,R---,,,,,,,,,
model_sgi_calibration,,,R---,,RWCU,RWC-,,,,,RWC-,,,,
model_sgi_catalog_load_wizard,,RWCU,,,,,,,,,,,,,
model_sgi_catalog_load_wizard_line,,RWCU,,,,,,,,,,,,,
model_sgi_checklist_finish,RWC-,,,,,,,,,,,,,,
model_sgi_checklist_line,RWC-,,,,RWCU,,,,,,,,,,
model_sgi_checklist_template,R---,,,,RWCU,,,RWC-,,,,,,,
model_sgi_checklist_template_item,R---,,,,RWCU,,,RWCU,,,,,,,
model_sgi_coa_attach_wizard,,,,,,RWCU,,,,,RWCU,,,,
model_sgi_coa_exception_wizard,,,,,,,,,,,,,,,RWCU
model_sgi_coa_inbox,,,R---,,RWCU,,,,,,RWC-,,,,
model_sgi_competence_gap,,,R---,,R---,R---,R---,,,,,,,,
model_sgi_control_plan,,,R---,,RWCU,RWC-,,,,,RWC-,,,,
model_sgi_csh_finding,,,R---,,RWCU,RWCU,,,,,,,,,
model_sgi_csh_inspection,,,R---,,RWCU,RWC-,,,,,,,,,
model_sgi_deliverable,,,R---,,RWCU,R---,,,,,,,,,
model_sgi_dev_characteristic,RWC-,,,,,,,,,,,,,,
model_sgi_diagnostic,,,,,RWCU,,,,,,,,,,
model_sgi_diagnostic_line,,,,,RWCU,,,,,,,,,,
model_sgi_direction_board,,,RWCU,RWCU,RWCU,,,,,,,,,,
model_sgi_document_ack,,,R---,,RWCU,RWC-,,,,,,,,,
model_sgi_document_type,R---,RWCU,R---,,,R---,,,,,,,,,
model_sgi_emergency_drill,,,R---,,RWCU,RWC-,,,,,,,,,
model_sgi_emergency_plan,,,R---,,RWCU,RWC-,,,,,,,,,
model_sgi_epp_delivery,,,R---,,RWCU,RWC-,RWC-,,,,,,,,
model_sgi_epp_delivery_line,R---,,,,,,RWCU,,,,,,RWCU,,
model_sgi_fmea,,,R---,,RWCU,RWC-,,,,,RWC-,,,,
model_sgi_fmea_line,,,R---,,RWCU,RWCU,,,,,RWCU,,,,
model_sgi_format_map,,,R---,,RWCU,R---,,,,,,,,,
model_sgi_health_record,,,,,RWCU,,RWC-,,,,,,,,
model_sgi_incident,,,R---,,RWCU,RWC-,,,,,,,,,
model_sgi_indicator,,,R---,,RWCU,R---,,,,,,,,,
model_sgi_indicator_measure,,,R---,,RWCU,RWC-,,,,,,,,,
model_sgi_indicator_measure_split,,,R---,,RWCU,RWCU,,,,,,,,,
model_sgi_indicator_step,,,R---,,RWCU,R---,,,,,,,,,
model_sgi_indicator_term,,RWCU,R---,,,R---,,,,,,,,,
model_sgi_instruction_publish,,,,,RWCU,,,,,,,,,,
model_sgi_interested_party,,,R---,,RWCU,R---,,,,,,,,,
model_sgi_inventory_value,,,R---,,RWCU,R---,,,,,,,,,
model_sgi_job_family,R---,,R---,,RWCU,,,,,,,,,,
model_sgi_legal_evaluate,,,,,,RWCU,,,,,,,,,
model_sgi_legal_evaluation,,,R---,,RWCU,RWC-,,,,,,,,,
model_sgi_legal_requirement,,,R---,,RWCU,RW--,,,,,,,,,
model_sgi_lock_date_log,,,R---,,R---,R---,,,,,,,,,
model_sgi_machine_sheet,R---,,,,,,,,RWC-,,,,RWCU,,
model_sgi_machine_sheet_param,R---,,,,,,,,RWCU,,,,RWCU,,
model_sgi_machine_sheet_yarn,R---,,,,,,,,RWCU,,,,RWCU,,
model_sgi_management_review,,,R---,RWCU,RWCU,R---,,,,,,,,,
model_sgi_management_review_agreement,,,R---,,RWCU,R---,,,,,,,,,
model_sgi_msa_study,,,R---,,RWCU,RWC-,,,,,RWC-,,,,
model_sgi_my_pending,RWCU,,,,,,,,,,,,,,
model_sgi_my_procedure,,,RWC-,,,RWCU,,,,,,,,,
model_sgi_my_procedure_check,,,,,RWCU,,,,,,,,,,
model_sgi_nc_cancel,,,,,,RWCU,,,,,,,,,
model_sgi_nc_force_close,,,,,RWCU,R---,,,,,,,,,
model_sgi_norm,,,R---,,RWCU,R---,,,,,,,,,
model_sgi_norm_clause,,,R---,,RWCU,R---,,,,,,,,,
model_sgi_objective,,,R---,,RWCU,R---,,,,,,,,,
model_sgi_policy,,,R---,,RWCU,R---,,,,,,,,,
model_sgi_ppap,,,R---,,RWCU,RWC-,,,,,RWC-,,,,
model_sgi_ppap_element,,,R---,,RWCU,RWCU,,,,,RWCU,,,,
model_sgi_ppap_element_template,,,R---,,RWCU,R---,,,,,R---,,,,
model_sgi_process,,,R---,,RWCU,R---,,,,,,,,,
model_sgi_process_activity,,,R---,,RWCU,R---,,,,,,,,,
model_sgi_process_flow,,,R---,,RWCU,R---,,,,,,,,,
model_sgi_process_responsibility,,,R---,,RWCU,R---,,,,,,,,,
model_sgi_process_stage,,,R---,,RWCU,R---,,,,,,,,,
model_sgi_risk,,,R---,,RWCU,RWC-,,,,,,,,,
model_sgi_risk_category,,,R---,,RWCU,R---,,,,,,,,,
model_sgi_sales_budget,,,R---,,RWCU,R---,,,,,,,,RWC-,
model_sgi_sales_budget_import,,,,,RWCU,,,,,,,,,RWCU,
model_sgi_sales_budget_line,,,R---,,RWCU,R---,,,,,,,,RWCU,
model_sgi_sign_request_wizard,RWCU,,,,,,,,,,,,,,
model_sgi_staff_efficiency,,,,,,,RWCU,,,,,RWCU,R---,,
model_sgi_staff_efficiency_line,,,,,,,RWCU,,,,,RWCU,R---,,
model_sgi_supplier_eval,,,R---,,RWCU,RWC-,,,,RWC-,,,,,
mrp.model_mrp_production,,,R---,,,,,,,,,,,,
mrp.model_mrp_workorder,,,R---,,,,,,,,,,,,
project.model_project_project,,,R---,,,,,,,,,,,,
project.model_project_task,,,R---,,,,,,,,,,,,
purchase.model_purchase_order,,,R---,,,,,,,,,,,,
purchase.model_purchase_order_line,,,R---,,,,,,,,,,,,
quality.model_quality_alert,,,R---,,,,,,,,,,,,
quality.model_quality_alert_stage,,,R---,,,,,,,,,,,,
quality.model_quality_alert_team,,,R---,,,,,,,,,,,,
quality.model_quality_check,,,R---,,,,,,,,,,,,
quality.model_quality_point,,,R---,,,,,,,,,,,,
sale.model_sale_order,,,R---,,,,,,,,,,,,
sale.model_sale_order_line,,,R---,,,,,,,,,,,,
sign.model_sign_request,,,R---,,R---,,,,,,,,,,
sign.model_sign_template,,,,,R---,,,,,,,,,,
stock.model_stock_lot,,,R---,,,,,,,,,,,,
stock.model_stock_move,,,R---,,,,,,,,,,,,
stock.model_stock_picking,,,R---,,,,,,,,,,,,
survey.model_survey_user_input,,,R---,,,,,,,,,,,,
website_slides.model_slide_channel,,,,,RW--,,,,,,,,,,
