modelo,tipo,empleado,usuario,captura,auditor,mast,direccion,admin,rh_usuario
sgi.action.line,Model,----,RWC-,RWC-,R---,RWCU,RWCU,RWCU,RWC-
sgi.activity.change,Model,RWC-,RWC-,RWC-,RWC-,RWCU,RWCU,RWCU,RWC-
sgi.activity.change.role,Model,RWCU,RWCU,RWCU,RWCU,RWCU,RWCU,RWCU,RWCU
sgi.activity.exec.stat,Model,----,R---,R---,R---,R---,R---,R---,R---
sgi.activity.input,Model,----,R---,R---,R---,RWCU,RWCU,RWCU,R---
sgi.activity.link,Model,----,R---,R---,R---,RWCU,RWCU,RWCU,R---
sgi.activity.role,Model,----,R---,R---,R---,RWCU,RWCU,RWCU,R---
sgi.activity.spec.gap,Model,----,R---,R---,R---,RWCU,RWCU,RWCU,R---
sgi.activity.week.stat,Model,----,R---,R---,R---,RWCU,RWCU,RWCU,R---
sgi.acuse.attach.wizard,TransientModel,RWC-,RWC-,RWC-,RWC-,RWC-,RWC-,RWC-,RWC-
sgi.alert.source,Model,----,R---,R---,R---,RW--,RW--,RW--,R---
sgi.area,Model,----,R---,R---,R---,RWCU,RWCU,RWCU,R---
sgi.audit,Model,----,R---,R---,RWC-,RWCU,RWCU,RWCU,R---
sgi.audit.checklist.line,Model,----,R---,R---,RWCU,RWCU,RWCU,RWCU,R---
sgi.audit.finding,Model,----,R---,R---,RWCU,RWCU,RWCU,RWCU,R---
sgi.audit.program,Model,----,R---,R---,RWC-,RWCU,RWCU,RWCU,R---
sgi.audit.program.line,Model,----,R---,R---,RWC-,RWCU,RWCU,RWCU,R---
sgi.calibration,Model,----,RWC-,RWC-,R---,RWCU,RWCU,RWCU,RWC-
sgi.catalog.load.wizard,TransientModel,----,----,----,----,----,----,RWCU,----
sgi.catalog.load.wizard.line,TransientModel,----,----,----,----,----,----,RWCU,----
sgi.checklist.finish,TransientModel,RWC-,RWC-,RWC-,RWC-,RWC-,RWC-,RWC-,RWC-
sgi.checklist.line,Model,RWC-,RWC-,RWC-,RWC-,RWCU,RWCU,RWCU,RWC-
sgi.checklist.template,Model,R---,R---,R---,R---,RWCU,RWCU,RWCU,R---
sgi.checklist.template.item,Model,R---,R---,R---,R---,RWCU,RWCU,RWCU,R---
sgi.coa.attach.wizard,TransientModel,----,RWCU,RWCU,----,RWCU,RWCU,RWCU,RWCU
sgi.coa.exception.wizard,TransientModel,----,----,----,----,----,----,----,----
sgi.coa.inbox,Model,----,RWC-,RWC-,R---,RWCU,RWCU,RWCU,RWC-
sgi.competence.gap,Model,----,R---,R---,R---,R---,R---,R---,R---
sgi.control.plan,Model,----,RWC-,RWC-,R---,RWCU,RWCU,RWCU,RWC-
sgi.csh.finding,Model,----,RWCU,RWCU,R---,RWCU,RWCU,RWCU,RWCU
sgi.csh.inspection,Model,----,RWC-,RWC-,R---,RWCU,RWCU,RWCU,RWC-
sgi.deliverable,Model,----,R---,R---,R---,RWCU,RWCU,RWCU,R---
sgi.dev.characteristic,Model,RWC-,RWC-,RWC-,RWC-,RWC-,RWC-,RWC-,RWC-
sgi.diagnostic,TransientModel,----,----,----,----,RWCU,RWCU,RWCU,----
sgi.diagnostic.line,TransientModel,----,----,----,----,RWCU,RWCU,RWCU,----
sgi.direction.board,TransientModel,----,----,----,RWCU,RWCU,RWCU,RWCU,----
sgi.document.ack,Model,----,RWC-,RWC-,R---,RWCU,RWCU,RWCU,RWC-
sgi.document.type,Model,R---,R---,R---,R---,R---,R---,RWCU,R---
sgi.emergency.drill,Model,----,RWC-,RWC-,R---,RWCU,RWCU,RWCU,RWC-
sgi.emergency.plan,Model,----,RWC-,RWC-,R---,RWCU,RWCU,RWCU,RWC-
sgi.epp.delivery,Model,----,RWC-,RWC-,R---,RWCU,RWCU,RWCU,RWC-
sgi.epp.delivery.line,Model,R---,R---,R---,R---,RWCU,RWCU,RWCU,RWCU
sgi.fmea,Model,----,RWC-,RWC-,R---,RWCU,RWCU,RWCU,RWC-
sgi.fmea.line,Model,----,RWCU,RWCU,R---,RWCU,RWCU,RWCU,RWCU
sgi.format.map,Model,----,R---,R---,R---,RWCU,RWCU,RWCU,R---
sgi.health.record,Model,----,----,----,----,RWCU,RWCU,RWCU,RWC-
sgi.incident,Model,----,RWC-,RWC-,R---,RWCU,RWCU,RWCU,RWC-
sgi.indicator,Model,----,R---,R---,R---,RWCU,RWCU,RWCU,R---
sgi.indicator.measure,Model,----,RWC-,RWC-,R---,RWCU,RWCU,RWCU,RWC-
sgi.indicator.measure.split,Model,----,RWCU,RWCU,R---,RWCU,RWCU,RWCU,RWCU
sgi.indicator.step,Model,----,R---,R---,R---,RWCU,RWCU,RWCU,R---
sgi.indicator.term,Model,----,R---,R---,R---,R---,R---,RWCU,R---
sgi.instruction.publish,TransientModel,----,----,----,----,RWCU,RWCU,RWCU,----
sgi.interested.party,Model,----,R---,R---,R---,RWCU,RWCU,RWCU,R---
sgi.inventory.value,Model,----,R---,R---,R---,RWCU,RWCU,RWCU,R---
sgi.job.family,Model,R---,R---,R---,R---,RWCU,RWCU,RWCU,R---
sgi.legal.evaluate,TransientModel,----,RWCU,RWCU,----,RWCU,RWCU,RWCU,RWCU
sgi.legal.evaluation,Model,----,RWC-,RWC-,R---,RWCU,RWCU,RWCU,RWC-
sgi.legal.requirement,Model,----,RW--,RW--,R---,RWCU,RWCU,RWCU,RW--
sgi.lock.date.log,Model,----,R---,R---,R---,R---,R---,R---,R---
sgi.machine.sheet,Model,R---,R---,R---,R---,RWCU,RWCU,RWCU,R---
sgi.machine.sheet.param,Model,R---,R---,R---,R---,RWCU,RWCU,RWCU,R---
sgi.machine.sheet.yarn,Model,R---,R---,R---,R---,RWCU,RWCU,RWCU,R---
sgi.management.review,Model,----,R---,R---,R---,RWCU,RWCU,RWCU,R---
sgi.management.review.agreement,Model,----,R---,R---,R---,RWCU,RWCU,RWCU,R---
sgi.msa.study,Model,----,RWC-,RWC-,R---,RWCU,RWCU,RWCU,RWC-
sgi.my.pending,TransientModel,RWCU,RWCU,RWCU,RWCU,RWCU,RWCU,RWCU,RWCU
sgi.my.procedure,TransientModel,----,RWCU,RWCU,RWC-,RWCU,RWCU,RWCU,RWCU
sgi.my.procedure.check,TransientModel,----,----,----,----,RWCU,RWCU,RWCU,----
sgi.nc.cancel,TransientModel,----,RWCU,RWCU,----,RWCU,RWCU,RWCU,RWCU
sgi.nc.force.close,TransientModel,----,R---,R---,----,RWCU,RWCU,RWCU,R---
sgi.norm,Model,----,R---,R---,R---,RWCU,RWCU,RWCU,R---
sgi.norm.clause,Model,----,R---,R---,R---,RWCU,RWCU,RWCU,R---
sgi.objective,Model,----,R---,R---,R---,RWCU,RWCU,RWCU,R---
sgi.policy,Model,----,R---,R---,R---,RWCU,RWCU,RWCU,R---
sgi.ppap,Model,----,RWC-,RWC-,R---,RWCU,RWCU,RWCU,RWC-
sgi.ppap.element,Model,----,RWCU,RWCU,R---,RWCU,RWCU,RWCU,RWCU
sgi.ppap.element.template,Model,----,R---,R---,R---,RWCU,RWCU,RWCU,R---
sgi.process,Model,----,R---,R---,R---,RWCU,RWCU,RWCU,R---
sgi.process.activity,Model,----,R---,R---,R---,RWCU,RWCU,RWCU,R---
sgi.process.flow,Model,----,R---,R---,R---,RWCU,RWCU,RWCU,R---
sgi.process.responsibility,Model,----,R---,R---,R---,RWCU,RWCU,RWCU,R---
sgi.process.stage,Model,----,R---,R---,R---,RWCU,RWCU,RWCU,R---
sgi.risk,Model,----,RWC-,RWC-,R---,RWCU,RWCU,RWCU,RWC-
sgi.risk.category,Model,----,R---,R---,R---,RWCU,RWCU,RWCU,R---
sgi.sales.budget,Model,----,R---,R---,R---,RWCU,RWCU,RWCU,R---
sgi.sales.budget.import,TransientModel,----,----,----,----,RWCU,RWCU,RWCU,----
sgi.sales.budget.line,Model,----,R---,R---,R---,RWCU,RWCU,RWCU,R---
sgi.sign.request.wizard,TransientModel,RWCU,RWCU,RWCU,RWCU,RWCU,RWCU,RWCU,RWCU
sgi.staff.efficiency,Model,----,----,RWCU,----,R---,R---,R---,RWCU
sgi.staff.efficiency.line,Model,----,----,RWCU,----,R---,R---,R---,RWCU
sgi.supplier.eval,Model,----,RWC-,RWC-,R---,RWCU,RWCU,RWCU,RWC-
model_approval_request,estándar,----,----,----,R---,R---,R---,R---,----
model_documents_document,estándar,----,----,----,R---,R---,R---,R---,----
model_helpdesk_team,estándar,----,----,----,R---,R---,R---,R---,----
model_helpdesk_ticket,estándar,----,----,----,R---,R---,R---,R---,----
model_maintenance_equipment,estándar,----,----,----,R---,R---,R---,R---,----
model_maintenance_request,estándar,----,----,----,R---,R---,R---,R---,----
model_mrp_production,estándar,----,----,----,R---,R---,R---,R---,----
model_mrp_workorder,estándar,----,----,----,R---,R---,R---,R---,----
model_project_project,estándar,----,----,----,R---,R---,R---,R---,----
model_project_task,estándar,----,----,----,R---,R---,R---,R---,----
model_purchase_order,estándar,----,----,----,R---,R---,R---,R---,----
model_purchase_order_line,estándar,----,----,----,R---,R---,R---,R---,----
model_quality_alert,estándar,----,----,----,R---,R---,R---,R---,----
model_quality_alert_stage,estándar,----,----,----,R---,R---,R---,R---,----
model_quality_alert_team,estándar,----,----,----,R---,R---,R---,R---,----
model_quality_check,estándar,----,----,----,R---,R---,R---,R---,----
model_quality_point,estándar,----,----,----,R---,R---,R---,R---,----
model_sale_order,estándar,----,----,----,R---,R---,R---,R---,----
model_sale_order_line,estándar,----,----,----,R---,R---,R---,R---,----
model_sign_request,estándar,----,----,----,R---,R---,R---,R---,----
model_sign_template,estándar,----,----,----,----,R---,R---,R---,----
model_slide_channel,estándar,----,----,----,----,RW--,RW--,RW--,----
model_stock_lot,estándar,----,----,----,R---,R---,R---,R---,----
model_stock_move,estándar,----,----,----,R---,R---,R---,R---,----
model_stock_picking,estándar,----,----,----,R---,R---,R---,R---,----
model_survey_user_input,estándar,----,----,----,R---,R---,R---,R---,----
