modelo,tipo,archivo_modelo,n_archivos_prueba,archivos_prueba,cobertura,obsoleto_o_sale
sgi.activity.change.role,Model,sgi_mp_change.py,0,,indirecta por sgi.activity.change.role_line_ids,
sgi.activity.input,Model,sgi_deliverable.py,0,,indirecta por sgi.process.activity.input_ids,
sgi.activity.spec.gap,Model,sgi_activity_spec.py,0,,indirecta por sgi.process.activity.spec_gap_ids,
sgi.audit.checklist.line,Model,sgi_audit.py,0,,indirecta por sgi.audit.checklist_line_ids,
sgi.audit.program.line,Model,sgi_audit.py,0,,indirecta por sgi.audit.program.line_ids,
sgi.base.mixin,AbstractModel,sgi_base.py,0,,mixin: se ejercita en los modelos que lo heredan,
sgi.calculated.connection.mixin,AbstractModel,sgi_deliverable.py,0,,mixin: se ejercita en los modelos que lo heredan,
sgi.catalog.load.wizard.line,TransientModel,sgi_load_wizard.py,0,,indirecta por sgi.catalog.load.wizard.line_ids,
sgi.checklist.line,Model,sgi_checklist.py,0,,indirecta por maintenance.request.sgi_checklist_line_ids,
sgi.checklist.template.item,Model,sgi_checklist.py,0,,indirecta por sgi.checklist.template.item_ids,
sgi.csh.finding,Model,sgi_hse_records.py,0,,indirecta por sgi.csh.inspection.finding_ids,
sgi.dev.characteristic,Model,sgi_dev_request.py,0,,indirecta por project.project.sgi_dev_line_ids,
sgi.dyd.task.mixin,AbstractModel,sgi_links.py,0,,mixin: se ejercita en los modelos que lo heredan,
sgi.epp.delivery.line,Model,sgi_epp_sign.py,0,,indirecta por sgi.epp.delivery.line_ids,
sgi.format.mixin,AbstractModel,sgi_format_map.py,0,,mixin: se ejercita en los modelos que lo heredan,
sgi.legal.evaluation,Model,sgi_legal.py,0,,indirecta por sgi.legal.requirement.evaluation_ids,
sgi.machine.sheet.param,Model,sgi_machine_sheet.py,0,,indirecta por sgi.machine.sheet.param_line_ids,
sgi.machine.sheet.yarn,Model,sgi_machine_sheet.py,0,,SIN COBERTURA,
sgi.my.procedure.mixin,AbstractModel,sgi_my_procedure_screen.py,0,,mixin: se ejercita en los modelos que lo heredan,
sgi.ppap.element.template,Model,sgi_ppap.py,0,,indirecta por sgi.ppap.element.template_id,A-018
sgi.risk.category,Model,sgi_risk.py,0,,indirecta por sgi.risk.category_id,
sgi.sign.record.mixin,AbstractModel,sgi_sign_record.py,0,,mixin: se ejercita en los modelos que lo heredan,
sgi.activity.change,Model,sgi_mp_change.py,1,test_mp_change.py,directa,
sgi.acuse.attach.wizard,TransientModel,sgi_links.py,1,test_links.py,directa,
sgi.alert.source,Model,sgi_alert_source.py,1,test_alert_source.py,directa,
sgi.area,Model,sgi_area.py,1,test_audit_hardening.py,directa,
sgi.catalog.load.wizard,TransientModel,sgi_load_wizard.py,1,test_catalog_fase1.py,directa,
sgi.checklist.finish,TransientModel,sgi_checklist.py,1,test_capture_reply.py,directa,
sgi.coa.attach.wizard,TransientModel,sgi_coa.py,1,test_coa.py,directa,A-018
sgi.coa.exception.wizard,TransientModel,sgi_coa.py,1,test_coa.py,directa,A-018
sgi.coa.inbox,Model,sgi_coa.py,1,test_coa.py,directa,A-018
sgi.csh.inspection,Model,sgi_hse_records.py,1,test_hse_records.py,directa,
sgi.diagnostic,TransientModel,sgi_diagnostic.py,1,test_diagnostic_otd.py,directa,
sgi.diagnostic.line,TransientModel,sgi_diagnostic.py,1,test_diagnostic_otd.py,directa,
sgi.direction.board,TransientModel,sgi_direction_board.py,1,test_pr5_direction.py,directa,
sgi.document.type,Model,sgi_catalog.py,1,test_catalog_fase1.py,directa,
sgi.emergency.drill,Model,sgi_emergency.py,1,test_fase7.py,directa,
sgi.emergency.plan,Model,sgi_emergency.py,1,test_fase7.py,directa,
sgi.format.map,Model,sgi_format_map.py,1,test_sgi_format_map.py,directa,
sgi.health.record,Model,sgi_hse_records.py,1,test_hse_records.py,directa,
sgi.indicator.measure.split,Model,sgi_business_line.py,1,test_business_line.py,directa,
sgi.indicator.step,Model,sgi_indicator_trajectory.py,1,test_indicator_trajectory.py,directa,
sgi.instruction.publish,TransientModel,sgi_instruction_knowledge.py,1,test_pr6_external.py,directa,
sgi.inventory.value,Model,sgi_kpi_fields.py,1,test_kpi_fields.py,directa,A-017
sgi.legal.evaluate,TransientModel,sgi_legal.py,1,test_pr4_docs_legal.py,directa,
sgi.machine.sheet,Model,sgi_machine_sheet.py,1,test_excel_migration.py,directa,
sgi.msa.study,Model,sgi_msa.py,1,test_fase7.py,directa,A-018
sgi.nc.cancel,TransientModel,sgi_nonconformity.py,1,test_nc_deadlines.py,directa,
sgi.nc.force.close,TransientModel,sgi_nonconformity.py,1,test_nc_flow.py,directa,
sgi.ppap.element,Model,sgi_ppap.py,1,test_ola_a_security.py,directa,A-018
sgi.process.responsibility,Model,sgi_process_procedure.py,1,test_procedure.py,directa,B-002
sgi.sales.budget,Model,sgi_sales_budget.py,1,test_sales_budget.py,directa,A-016
sgi.sales.budget.import,TransientModel,sgi_sales_budget_import.py,1,test_sales_budget.py,directa,A-016
sgi.sales.budget.line,Model,sgi_sales_budget_line.py,1,test_sales_budget.py,directa,A-016
sgi.sign.request.wizard,TransientModel,sgi_sign_record.py,1,test_pr6_external.py,directa,
sgi.staff.efficiency.line,Model,sgi_staff_efficiency.py,1,test_excel_migration.py,directa,
sgi.activity.exec.stat,Model,sgi_exec_stat.py,2,test_business_line.py test_catalog_fase1.py,directa,
sgi.activity.week.stat,Model,sgi_activity_spec.py,2,test_my_procedure.py test_spec.py,directa,
sgi.checklist.template,Model,sgi_checklist.py,2,test_capture_reply.py test_hse_records.py,directa,
sgi.competence.gap,Model,sgi_competence.py,2,test_competence.py test_kpi20.py,directa,
sgi.fmea.line,Model,sgi_fmea.py,2,test_fmea.py test_ola_a_security.py,directa,A-018
sgi.interested.party,Model,sgi_context.py,2,test_diagram_iso.py test_ola_certificable.py,directa,
sgi.lock.date.log,Model,sgi_kpi_fields.py,2,test_indicator_formula.py test_kpi_fields.py,directa,A-017
sgi.my.procedure.check,TransientModel,sgi_my_procedure_screen.py,2,test_my_procedure.py test_my_procedure_ui.py,directa,
sgi.norm,Model,sgi_norm.py,2,test_norm_compliance.py test_procedure.py,directa,
sgi.norm.clause,Model,sgi_norm.py,2,test_norm_compliance.py test_ola1.py,directa,
sgi.process.stage,Model,sgi_deliverable.py,2,test_business_line.py test_hierarchy.py,directa,
sgi.sign.builder,AbstractModel,sgi_sign_builder.py,2,test_my_procedure_sign.py test_sign_builder.py,directa,
sgi.staff.efficiency,Model,sgi_staff_efficiency.py,2,test_capture_reply.py test_excel_migration.py,directa,
sgi.audit.program,Model,sgi_audit.py,3,test_audit_pr3.py test_pr6_external.py test_role_audit.py,directa,
sgi.calibration,Model,sgi_calibration.py,3,test_calibration.py test_excel_migration.py test_ola_certificable.py,directa,
sgi.control.plan,Model,sgi_control_plan.py,3,test_diagnostic_otd.py test_links.py test_ola0.py,directa,
sgi.indicator.term,Model,sgi_indicator_formula.py,3,test_business_line.py test_indicator_formula.py test_indicator_plan.py,directa,
sgi.legal.requirement,Model,sgi_legal.py,3,test_ola_certificable.py test_perm_auditor.py test_pr4_docs_legal.py,directa,
sgi.management.review.agreement,Model,sgi_management_review.py,3,test_kpi_fields.py test_mgmt_review.py test_pr5_direction.py,directa,
sgi.activity.link,Model,sgi_process_procedure.py,4,test_audit_hardening.py test_fase10.py test_hierarchy.py test_structure.py,directa,
sgi.epp.delivery,Model,sgi_epp.py,4,test_epp.py test_excel_migration.py test_my_procedure_ui.py test_sign_builder.py,directa,
sgi.job.family,Model,sgi_catalog.py,4,test_audit_pr3.py test_catalog_fase1.py test_cleanup_b10.py test_my_procedure.py,directa,
sgi.my.pending,TransientModel,sgi_my_pending.py,4,test_approval_native.py test_archived_filters.py test_my_pending.py test_role_audit.py,directa,
sgi.policy,Model,sgi_policy.py,4,test_ola2.py test_ola_b.py test_ola_certificable.py test_perm_auditor.py,directa,
sgi.ppap,Model,sgi_ppap.py,4,test_links.py test_ola0.py test_ola_a_security.py test_ppap.py,directa,A-018
sgi.supplier.eval,Model,sgi_supplier_eval.py,4,test_diagnostic_otd.py test_flows_48.py test_links.py test_pr6_external.py,directa,
sgi.audit.finding,Model,sgi_audit.py,5,test_audit.py test_ola1.py test_ola_a_security.py test_perm_auditor.py test_pr6_external.py,directa,
sgi.config,AbstractModel,sgi_format_map.py,5,test_expansion_kpis.py test_flows_48.py test_kpi20.py test_ola2.py test_procedure.py,directa,
sgi.diagram,AbstractModel,sgi_diagram.py,5,test_business_line.py test_cleanup_b10.py test_diagram_iso.py test_diagram_view.py test_hierarchy.py,directa,
sgi.document.ack,Model,sgi_document.py,5,test_audit_hardening.py test_my_procedure_ui.py test_mywork.py test_ola_certificable.py test_sign_builder.py,directa,
sgi.fmea,Model,sgi_fmea.py,5,test_fmea.py test_links.py test_ola0.py test_ola1.py test_ola_a_security.py,directa,A-018
sgi.deliverable,Model,sgi_deliverable.py,6,test_audit_pr3.py test_indicator_detail.py test_my_procedure.py test_pr6_external.py test_spec.py test_structure.py,directa,
sgi.incident,Model,sgi_incident.py,6,test_audit_hardening.py test_flows_48.py test_incident.py test_ola0.py test_ola_b.py test_ola_certificable.py,directa,
sgi.objective,Model,sgi_objective.py,7,test_hierarchy.py test_links.py test_my_pending.py test_my_procedure.py test_ola2.py test_ola_b.py test_ola_certificable.py,directa,
sgi.process.flow,Model,sgi_process.py,7,test_diagram_iso.py test_diagram_view.py test_flows_48.py test_hierarchy.py test_process_map.py test_structure.py test_structure_sgi.py,directa,
sgi.activity.role,Model,sgi_catalog.py,8,test_approval_native.py test_archived_filters.py test_catalog_fase1.py test_cleanup_b10.py test_mp_change.py test_my_procedure.py test_my_procedure_ui.py test_structure.py,directa,
sgi.management.review,Model,sgi_management_review.py,8,test_flows_48.py test_indicator_plan.py test_kpi_fields.py test_mgmt_review.py test_ola0.py test_ola_certificable.py test_perm_auditor.py test_pr5_direction.py,directa,
sgi.my.procedure,TransientModel,sgi_my_procedure_screen.py,9,test_epp.py test_mp_change.py test_my_pending.py test_my_procedure.py test_my_procedure_ui.py test_perm_groups.py test_pr4_docs_legal.py test_pr6_external.py test_role_audit.py,directa,
sgi.audit,Model,sgi_audit.py,11,test_audit.py test_audit_pr3.py test_fase8.py test_fase9.py test_mgmt_review.py test_norm_compliance.py test_ola0.py test_ola1.py test_ola_a_security.py test_perm_auditor.py test_pr6_external.py,directa,
sgi.indicator.measure,Model,sgi_indicator.py,17,test_audit_hardening.py test_business_line.py test_expansion_kpis.py test_flows_48.py test_indicator_detail.py test_indicator_formula.py test_indicator_plan.py test_indicator_trajectory.py test_indicators.py test_kpi20.py test_mywork.py test_ola2.py test_ola_certificable.py test_perm_auditor.py test_pr5_direction.py test_role_audit.py test_sales_budget.py,directa,
sgi.risk,Model,sgi_risk.py,17,test_cleanup_45.py test_diagram_iso.py test_diagram_view.py test_fase7.py test_incident.py test_mywork.py test_ola0.py test_ola1.py test_ola2.py test_ola_b.py test_ola_certificable.py test_perm_auditor.py test_pr5_direction.py test_pr7_replaces.py test_risk.py test_role_audit.py test_structure.py,directa,
sgi.cron,AbstractModel,sgi_cron.py,18,test_audit_hardening.py test_external_doc.py test_fase7.py test_fase8.py test_indicator_detail.py test_indicator_plan.py test_indicators.py test_kpi20.py test_my_procedure.py test_nc_deadlines.py test_ola1.py test_ola2.py test_pr4_docs_legal.py test_pr5_direction.py test_pr6_external.py test_role_audit.py test_sales_budget.py test_sign_elearning.py,directa,
sgi.action.line,Model,sgi_nonconformity.py,22,test_audit_hardening.py test_capture_reply.py test_fase7.py test_fmea.py test_incident.py test_indicator_plan.py test_my_pending.py test_my_procedure.py test_my_procedure_ui.py test_mywork.py test_nc_deadlines.py test_nc_flow.py test_ola0.py test_ola1.py test_ola_a_security.py test_ola_b.py test_ola_certificable.py test_pegamento.py test_perm_auditor.py test_pr5_direction.py test_risk.py test_role_audit.py,directa,
sgi.process.activity,Model,sgi_process_procedure.py,23,test_approval_native.py test_archived_filters.py test_audit_hardening.py test_audit_pr3.py test_business_line.py test_catalog_fase1.py test_cleanup_b10.py test_due_long.py test_fase10.py test_hierarchy.py test_links.py test_mp_change.py test_my_procedure.py test_my_procedure_sign.py test_norm_compliance.py test_ola_a_procedure.py test_pr4_docs_legal.py test_pr6_external.py test_procedure.py test_role_audit.py test_spec.py test_structure.py test_structure_sgi.py,directa,
sgi.indicator,Model,sgi_indicator.py,28,test_audit_hardening.py test_business_line.py test_catalog_fase1.py test_diagnostic_otd.py test_expansion_kpis.py test_fase7.py test_flows_48.py test_hierarchy.py test_indicator_detail.py test_indicator_formula.py test_indicator_i3.py test_indicator_p21.py test_indicator_plan.py test_indicator_trajectory.py test_indicators.py test_kpi20.py test_kpi_fase4.py test_my_procedure.py test_mywork.py test_ola2.py test_ola_certificable.py test_perm_auditor.py test_pr5_direction.py test_pr7_replaces.py test_role_audit.py test_sales_budget.py test_spec.py test_structure.py,directa,
sgi.process,Model,sgi_process.py,39,test_approval_native.py test_archived_filters.py test_audit.py test_audit_hardening.py test_audit_pr3.py test_business_line.py test_catalog_fase1.py test_cleanup_45.py test_cleanup_b10.py test_diagram_iso.py test_diagram_view.py test_doc_change_sign.py test_due_long.py test_external_doc.py test_fase10.py test_flows_48.py test_hierarchy.py test_indicator_detail.py test_links.py test_mgmt_review.py test_mp_change.py test_my_procedure.py test_my_procedure_sign.py test_nc_deadlines.py test_norm_compliance.py test_ola1.py test_ola2.py test_ola_a_procedure.py test_perm_auditor.py test_perm_groups.py test_pr4_docs_legal.py test_pr5_direction.py test_pr6_external.py test_pr7_replaces.py test_procedure.py test_role_audit.py test_spec.py test_structure.py test_structure_sgi.py,directa,
