archivo,lineas,clases,pruebas,tags,que_cubre,casos,modelos_sgi,otros_modelos,with_user,usuarios_prueba,assert_access_error,skipTest,env_ref_propios,llama_cron,oculta_docs_reales,depende_de_datos,toca_obsoleto
test_acks.py,77,1,5,"post_install, -at_install",TestDocsAndAcks: ,"01_invalid_code, 02_valid_code, 03_unique_vigente_obsoletes_previous, 04_generate_acks_idempotent, 05_mark_read",,documents.document hr.employee hr.job res.users,2,0,0,0,2,0,sí,,
test_alert_source.py,100,1,9,"post_install, -at_install","TestAlertSource: Registro de fuentes de NC automáticas: interruptor, rastro y estampado.","01_enabled_creates_and_stamps_source, 02_disabled_returns_empty_and_creates_nothing, 03_suppression_leaves_audit_trail, 03b_reentrant_caller_does_not_inflate_the_count, 04_toggle_is_tracked_in_chatter, 05_manual_source_disabled_warns_instead_of_silence, 06_unknown_code_fails_open, 07_code_is_unique, 08_alert_count_per_source",sgi.alert.source,quality.alert,0,0,0,0,2,0,,,
test_approval_native.py,118,1,6,"post_install, -at_install",56.5.0: el rol «Aprueba» ligado a la regla de aprobación nativa de Odoo.,"01_sugerencia_y_condicion, 02_sincroniza_regla_nativa, 03_boton_inexistente_y_sin_personas, 04_regla_manual_en_el_boton_se_adopta, 05_solicitud_en_aprobaciones_y_mis_pendientes, 06_firma_sin_plantilla",sgi.activity.role sgi.my.pending sgi.process sgi.process.activity,approval.request hr.employee hr.job ir.model ir.model.fields studio.approval.rule,0,4,0,0,0,2,,,
test_archived_filters.py,66,1,3,"post_install, -at_install","56.24.0: Mi procedimiento y Mis pendientes sin procesos archivados,","01_mi_procedimiento_sin_procesos_archivados, 02_pendientes_sin_nc_de_procesos_archivados, 03_pendientes_sin_categorias_archivadas",sgi.activity.role sgi.my.pending sgi.process sgi.process.activity,approval.category approval.request hr.employee hr.job quality.alert,0,2,0,1,0,0,,skipTest si falta campo (02),
test_audit.py,75,1,4,"post_install, -at_install",TestAudit: ,"01_auditor_independence, 02_folio_sequence, 03_close_blocked_without_disposition, 04_generate_nc_links_alert",sgi.audit sgi.audit.finding sgi.process,hr.employee res.users,1,2,0,0,0,0,,,
test_audit_hardening.py,238,1,11,"post_install, -at_install",Tests de la auditoría 2026-08: cada uno cubre un hallazgo corregido,"c1_action_done_without_sgi_groups, c1_mirror_line_still_closes, c2_for_each_isolates_failures, c3_validated_measure_lock, a1_complaint_nc_idempotent, a2_ack_write_lock, a3_force_close_context_gated, a4_chain_second_episode, a4_chain_source_off_no_orphan, a5_invalid_measure_domain, a6_incident_close_via_write",sgi.action.line sgi.activity.link sgi.area sgi.cron sgi.document.ack sgi.incident sgi.indicator sgi.indicator.measure sgi.process sgi.process.activity,documents.document helpdesk.ticket hr.employee ir.model quality.alert res.users,12,0,2,0,5,0,,,
test_audit_pr3.py,168,1,5,"post_install, -at_install",PR 3 del plan (19.0.50.0.0): auditoría lista para octubre.,"01_checklist_generado_del_proceso, 02_respuesta_no_conforme_crea_su_hallazgo, 03_independencia_por_puesto, 04_informe_archivado_al_cerrar, 09_flujo_completo_con_el_proceso_real",sgi.audit sgi.audit.program sgi.deliverable sgi.job.family sgi.process sgi.process.activity,hr.employee hr.job ir.actions.report ir.model,6,4,0,0,0,0,,"usa C2 real si existe (09), si no el de prueba",
test_business_line.py,250,2,11,"post_install, -at_install",Líneas de negocio con lo que Odoo ya tiene (56.16.0): equipos de venta y,"01_filtro_por_equipo_trae_las_generales, 02_departamento_sale_de_los_puestos, 03_c2_real, 04_mi_procedimiento_por_equipos_de_la_persona, 05_cambiar_de_equipo_cambia_el_procedimiento, 06_diagrama_atenua_lo_que_no_aplica, 07_quien_hace_que_por_equipo_y_departamento, 01_por_equipo_de_ventas, 02_por_mercado, 03_sin_equipo_no_se_puede, 04_sin_desglose",sgi.activity.exec.stat sgi.diagram sgi.indicator sgi.indicator.measure sgi.indicator.measure.split sgi.indicator.term sgi.process sgi.process.activity sgi.process.stage,account.fiscal.position crm.team hr.department hr.employee hr.job ir.config_parameter ir.model res.partner sale.order,5,4,0,1,0,0,sí,skipTest sin C2 real ni equipo «Confección» (03_c2_real),
test_calibration.py,136,2,8,"post_install, -at_install",TestCalibration: ,"01_out_of_tolerance_locks_equipment, 03_lab_date_persists_over_interval, 02_conforme_clears_lock, 01_point_equipment_inherited_by_check, 02_blocked_equipment_cannot_pass, 03_expired_equipment_cannot_pass_even_without_cron, 04_calibrated_equipment_passes, 05_no_equipment_no_enforcement",sgi.calibration,maintenance.equipment product.product quality.check quality.point,0,0,0,0,0,0,,,
test_capture_reply.py,134,1,4,"post_install, -at_install","56.22.0: eficiencias por departamento (C4.25 → S4.35), checklists firmados","01_jefe_captura_su_area_y_rh_recibe, 02_checklist_firmado_con_pin, 03_acuse_y_respuesta_al_cliente, 04_aviso_de_vencimiento",sgi.action.line sgi.checklist.finish sgi.checklist.template sgi.staff.efficiency,crm.team hr.department hr.employee ir.actions.report ir.config_parameter maintenance.equipment quality.alert,6,3,4,0,0,0,,,
test_catalog_fase1.py,585,1,32,"post_install, -at_install","Fase 1 del catálogo: roles, carga idempotente por API, revisión entera,","01_activity_needs_exactly_one_executor, 02_one_unconditional_approver, 03_swap_executor_in_one_write, 04_legacy_responsible_jobs_write_creates_roles, 05_number_unique_per_process, 10_load_is_idempotent, 11_dry_run_writes_nothing, 12_unknown_job_is_an_error_and_never_created, 13_missing_activities_are_archived, 14_ambiguous_job_reported, 20_doc_type_patterns, 21_revision_unique_and_increasing, 22_c",sgi.activity.exec.stat sgi.activity.role sgi.catalog.load.wizard sgi.indicator sgi.job.family sgi.process sgi.process.activity,documents.document hr.employee hr.job ir.config_parameter ir.ui.view res.partner res.users,0,0,0,0,2,0,,,
test_cleanup_45.py,135,1,6,"post_install, -at_install","Limpieza 19.0.45.0.0: el árbol de cinco entradas, los xmlids retirados,","01_menu_tree_has_five_entries, 05_no_menu_points_to_a_deleted_action, 02_removed_xmlids_do_not_come_back, 03_relink_follows_replaced_rule_then_map, 04_process_vigente_obsoletes_replaced_documents, 09_c2_real_vuelve_obsoletos_los_que_sustituye",sgi.process sgi.risk,documents.document ir.ui.menu,0,0,0,2,4,0,sí,skipTest sin C2 real (09_c2_real),B-004 (religado 45.0.0); test_01 roto desde 56.21.0 (J-002)
test_cleanup_b10.py,66,1,3,"post_install, -at_install",Limpieza del bloque 10 (56.15.0): se retira ``sgi.employer.obligation``,"01_obligacion_patronal_retirada, 02_roles_archivados_no_cuentan, 03_tortuga_cuenta_puestos_de_actividades_activas",sgi.activity.role sgi.diagram sgi.job.family sgi.process sgi.process.activity,hr.job ir.actions.act_window ir.model ir.model.data,2,2,0,0,0,0,,,B-006 (retiro de sgi.employer.obligation)
test_coa.py,191,1,10,"post_install, -at_install",COA ligado a la entrega y al pedido (fase 1).,"01_no_aplica_valida_normal, 02_requerido_sin_coa_valida_y_queda_pendiente, 03_adjuntar_y_enviar, 03b_destinatarios_del_cliente, 04_direccion_hija_hereda, 04b_marcar_cliente_actualiza_salidas_abiertas, 05_bloqueo_y_excepcion_jefe_calidad, 06_buzon_liga_por_nombre_de_archivo, 07_pedido_con_dos_salidas_parciales, 08_otra_compania_no_se_afecta",sgi.coa.attach.wizard sgi.coa.exception.wizard sgi.coa.inbox,account.account account.move hr.employee hr.job ir.attachment ir.config_parameter product.product res.company res.partner res.users sale.order stock.picking stock.warehouse,3,0,0,0,0,0,,,A-018 (sgi.coa.inbox)
test_competence.py,47,1,2,"post_install, -at_install",TestCompetence: ,"01_gap_detected, 02_no_gap_when_meets_level",sgi.competence.gap,hr.employee hr.employee.skill hr.job hr.job.skill hr.skill hr.skill.level hr.skill.type,0,0,0,0,0,0,,,
test_diagnostic_otd.py,121,2,4,"post_install, -at_install",TestSupplierOtdByDay: Reproduce el caso encontrado en producción: recepciones del MISMO día,"01_same_day_counts_on_time, 01_diagnostic_builds_report, 02b_detects_empty_control_plan_and_orphan_points, 02_detects_indicator_without_responsible",sgi.control.plan sgi.diagnostic sgi.diagnostic.line sgi.indicator sgi.supplier.eval,ir.config_parameter product.product quality.point res.partner stock.picking stock.warehouse,0,0,0,0,0,0,,,
test_diagram_iso.py,114,1,3,"post_install, -at_install","Catálogo ISO de diagramas (19.0.53.6.0, models/sgi_diagram_iso.py): cada","01_todos_los_diagramas_responden, 02_interaccion_y_riesgos_con_accion, 03_contexto_piramide_y_pdca",sgi.diagram sgi.interested.party sgi.process sgi.process.flow sgi.risk,documents.document,0,0,0,0,0,0,sí,,
test_diagram_view.py,87,1,4,"post_install, -at_install",Tipo de vista «sgi_diagram» (19.0.54.0.0): el diagrama como una vista más,"01_tipo_de_vista_registrado, 02_validacion_de_la_vista, 03_acciones_con_diagrama_y_sin_menu_duplicado, 04_ficha_del_proceso_con_botones",sgi.diagram sgi.process sgi.process.flow,ir.actions.act_window.view ir.model.data ir.ui.view,0,0,0,0,0,0,sí,,
test_doc_change.py,119,3,5,"post_install, -at_install",TestDocChange: ,"01_pilot_over_90_days, 02_modification_requires_document, 03_approval_updates_document, 01_generate_nc_links_both, 01_onchange_suggests_next_revision",,approval.category approval.request documents.document helpdesk.ticket res.partner,0,0,0,0,1,0,sí,,
test_doc_change_sign.py,152,1,6,"post_install, -at_install",Cambio documental firmado en Sign (56.17.0): al enviar se crea la firma,"01_enviar_crea_la_firma_en_orden, 02_cada_firma_aprueba_y_la_ultima_aplica, 03_sin_dueno_no_se_envia, 04_quien_pide_y_dueno_son_la_misma_persona, 05_se_publica_el_archivo_que_se_firmo, 06_categoria_sin_firma_sigue_con_aprobaciones",sgi.process,approval.category approval.request documents.document hr.employee ir.attachment,1,4,0,0,0,0,sí,,
test_due_long.py,67,1,4,"post_install, -at_install","Vencimiento por mes y día para cadencias trimestral, semestral y anual","01_anual, 02_trimestral_y_semestral, 03_validador, 04_carga_por_api",sgi.process sgi.process.activity,hr.job,0,0,0,0,0,0,,,
test_epp.py,82,1,3,"post_install, -at_install",PER-2 (19.0.48.0.0): EPP del puesto con responsiva de entrega firmada por,"01_entrega_propone_el_epp_del_puesto_y_solo_firma_el_empleado, 02_mi_procedimiento_y_pdf_traen_el_epp, 03_el_epp_es_contenido_del_procedimiento",sgi.epp.delivery sgi.my.procedure,hr.employee hr.job ir.actions.report,9,3,0,0,0,0,sí,,
test_escalate_nc.py,45,1,2,"post_install, -at_install",TestEscalateNc: ,"01_escalate_assigns_folio_and_keeps_links, 02_escalate_blocked_if_already_nc",,product.product quality.alert quality.alert.team,0,0,0,0,2,0,,busca equipo «Main Quality Team» por nombre,
test_excel_migration.py,108,1,6,"post_install, -at_install",Bloque 1 de la migración de formatos Excel (56.0.0): solicitud de,"01_proyecto_ft_solicitud_de_desarrollo, 02_ficha_de_proceso_por_maquina, 03_eficiencias_de_personal, 04_epp_renglones_y_sign, 05_etiquetas_de_calibracion, 06_lista_maestra_global",sgi.calibration sgi.epp.delivery sgi.machine.sheet sgi.staff.efficiency sgi.staff.efficiency.line,documents.document hr.employee ir.actions.report ir.config_parameter maintenance.equipment mrp.workcenter product.product project.project,0,0,0,0,1,0,,,
test_expansion_kpis.py,286,1,16,"post_install, -at_install",KPIs del Plan de Expansión Comercial (EX-*).,"01_compras_vs_ventas, 02_notas_credito, 03_clientes_nuevos, 04_concentracion_top3, 05_sin_datos_queda_pendiente, 06_dso_cartera, 07_cartera_vencida, 08_retencion_clientes, 09_clientes_reactivados, 10_ventas_fuera_top10, 11_concentracion_productos, 12_pedidos_cancelados, 13_dpo_pagos, 14_filtro_de_compania, 15_recompute_pending_measures, 16_fix_kpi_seeds_idempotente",sgi.config sgi.indicator sgi.indicator.measure,account.account account.move account.payment.register ir.config_parameter product.product res.company res.partner sale.order,0,0,0,0,2,0,,env.ref de indicadores sembrados,"B-010 (margen_ventas, compras_vs_ventas) y B-001 (fix_kpi_seeds, recompute_pending_measures)"
test_external_doc.py,54,1,3,"post_install, -at_install","Documento externo (E2.36, 56.21.0): emisor, revisión del emisor,","01_plazo_de_10_dias_habiles, 02_aviso_al_dueno_del_proceso, 03_no_externo_no_tiene_plazo",sgi.cron sgi.process,documents.document hr.employee,0,2,0,0,0,0,sí,,
test_fase10.py,245,1,12,"post_install, -at_install",TestActivityMeasurement: Fase 10: la actividad del procedimiento medida con acciones reales.,"01_measure_green_and_counts, 02_measure_red_without_evidence, 03_event_cadence_counts_only, 04_bad_date_field_falls_back, 05_process_rollup, 06_measure_write_does_not_flag_dirty, 08_model_name_inverse, 07_evidence_action, 10_activity_chain, 12_chain_flow_and_auto_nc, 11_inbound_references, 09_menu_resolution_from_text",sgi.activity.link sgi.process sgi.process.activity,documents.document ir.actions.act_window ir.model ir.ui.menu mail.activity res.partner,0,0,0,0,2,0,,,
test_fase7.py,191,5,12,"post_install, -at_install",TestEmergency: ,"01_folios, 02_vigente_requires_responsible, 03_drill_close_lock, 04_drill_satisfactorio_no_actions_needed, 05_action_xor_includes_drill, 06_cron_idempotent, 01_verdict_thresholds, 02_unacceptable_schedules_activity, 01_blocked_supplier_cannot_confirm_po, 01_no_responses_returns_none, 02_seed_indicator_exists, 01_create_document_links_request",sgi.action.line sgi.cron sgi.emergency.drill sgi.emergency.plan sgi.indicator sgi.msa.study sgi.risk,approval.category approval.request documents.document mail.activity maintenance.equipment product.product purchase.order res.partner,2,2,0,0,1,2,,,A-018 en parte (TestMsa)
test_fase8.py,187,4,6,"post_install, -at_install",TestAuditChecklist: ,"00_answer_checklist_links_input, 01_checklist_generates_findings, 01_customer_return_creates_nc, 01_repetitive_failure_schedules_activity, 02_two_failures_no_activity, 01_quality_menus_hang_from_quality_app",sgi.audit sgi.cron,ir.ui.menu mail.activity maintenance.equipment maintenance.request product.product res.partner stock.picking stock.warehouse survey.question survey.question.answer survey.survey survey.user_input survey.user_input.line,0,0,0,0,1,3,,,"D-011 en parte (checklist por encuesta, legado)"
test_fase9.py,77,1,5,"post_install, -at_install",TestFase9Forms: Formularios que sustituyen formatos (ronda sin piso): sello de,"01_picking_seal_field, 02_audit_minutes_fields, 03_auditor_eval_survey, 06_document_to_worksheet_link, 05_product_spec_and_job_epp",sgi.audit,documents.document hr.job product.template quality.alert.team quality.point stock.picking survey.survey,0,0,0,0,0,0,,"quality.alert.team search([],limit=1)",
test_flows_48.py,152,1,8,"post_install, -at_install",TestFlows48: Mini-fase 4.8: mapa de entradas/salidas completo por proceso.,"01_flujos_nuevos_con_modelo, 02_ver_registros_abre_el_modelo, 03_todo_proceso_operativo_conectado, 04_tintoreria_encadenada, 05_ficha_de_proceso, 06_familia_documental_por_clave, 07_nc_no_cierra_sin_acciones, 08_medicion_validada_inmutable",sgi.config sgi.indicator sgi.indicator.measure sgi.process sgi.process.flow,documents.document ir.model quality.alert res.users,1,0,0,0,3,0,sí,14 XML IDs flow_* de datos,A-003 (14 flujos XML viejos); usa migrate_document_families (B-001)
test_fmea.py,94,1,4,"post_install, -at_install",TestFmea: ,"01_npr_computed, 02_low_npr_no_action, 03_vigente_lock_requires_action, 04_vigente_npr_post_no_baja_con_justificacion",sgi.action.line sgi.fmea sgi.fmea.line,,5,2,0,0,0,0,,,A-018
test_hierarchy.py,149,1,4,"post_install, -at_install",Diagramas con la vista nativa «hierarchy» (19.0.53.2.0): mapa de procesos,"01_paso_anterior_sin_ciclos_ni_cruces, 02_vistas_hierarchy_cargan, 03_datos_del_mapa_con_conexiones, 04_diagramas_en_html",sgi.activity.link sgi.diagram sgi.indicator sgi.objective sgi.process sgi.process.activity sgi.process.flow sgi.process.stage,documents.document hr.job,0,0,0,0,0,0,sí,,B-014 (acción hierarchy sin menú)
test_hse_records.py,78,1,3,"post_install, -at_install",Pantallas de lo que seguía en papel (56.21.0): estudios y exámenes por,"01_examen_vence_y_avisa_a_rh, 02_recorrido_csh, 03_checklist_como_hoja_de_mantenimiento",sgi.checklist.template sgi.csh.inspection sgi.health.record,hr.employee ir.config_parameter maintenance.equipment,0,2,0,0,0,0,,,
test_incident.py,125,1,7,"post_install, -at_install",TestIncident: ,"01_close_requires_scat, 02_close_blocked_by_open_action, 03_xor_four_links, 04_serious_notifies_manager, 05_escalate_severity_forces_nc, 06_already_serious_write_does_not_duplicate_nc, 07_escalate_leve_to_moderado_no_nc",sgi.action.line sgi.incident sgi.risk,mail.activity quality.alert,2,2,0,0,1,0,,,
test_indicator_detail.py,175,1,11,"post_install, -at_install","Lógica de indicadores I-1 (detalle por medición) e I-2 (prueba/oficial,","01_measure_stores_detail_and_records, 02_no_records_is_sin_dato_not_zero, 03_small_sample_never_opens_nc, 04_only_official_opens_nc, 05_measure_from_skips_earlier_periods, 06_aggregate_sums_not_averages, 07_otif_detail_and_recompute, 08_load_status_and_measure_from, 09_nc_needs_two_consecutive_reds, 10_gap_breaks_persistence_and_weekly_step, 11_critical_opens_on_first_red",sgi.cron sgi.deliverable sgi.indicator sgi.indicator.measure sgi.process,ir.config_parameter ir.model quality.alert res.partner,0,0,0,0,1,0,,,
test_indicator_formula.py,240,1,12,"post_install, -at_install","Modo «fórmula configurable»: términos, ventanas, validación, candado de","01_contar_sumar_y_valor_absoluto, 02_ventanas, 03_validacion, 04_cambio_regresa_a_prueba_y_queda_en_chatter, 05_corrida_en_paralelo, 06_solo_administrador_edita, 07_formulas_sembradas, 08_fechas_relativas_en_el_filtro, 09_comparar_dos_fechas_del_registro, 10_solo_conteo, 11_varios_terminos_se_suman, 12_recalcular_bajo_demanda",sgi.indicator sgi.indicator.measure sgi.indicator.term sgi.lock.date.log,ir.model,6,3,3,0,0,0,,,A-004 (07: fórmulas sembradas con IDs de producción)
test_indicator_i3.py,133,1,3,"post_install, -at_install","I-3: desperdicio en kg, margen EBITDA contable y compras de materia prima.","01_desperdicio_kg, 02_margen_ebitda, 03_compras_mp_vs_ventas",sgi.indicator,account.account account.move ir.config_parameter mrp.production product.category product.product res.partner stock.location stock.move stock.move.line stock.quant,0,0,0,0,0,0,,,
test_indicator_p21.py,130,1,3,"post_install, -at_install","P-21 y automáticos sin dato: reproceso en kg, diferencia de inventario en","01_reproceso_kg, 02_inventario_diferencia_valor, 03_energia_pesos_por_tonelada",sgi.indicator,account.account account.move ir.config_parameter mrp.production product.category product.product res.partner stock.location stock.move stock.picking.type stock.quant stock.warehouse,0,0,0,1,0,0,,skipTest sin stock_account (02),
test_indicator_plan.py,171,1,8,"post_install, -at_install","I-4 plan de acción en rojo, I-6 calendario de cálculo, I-8 ventana y P-40","01_ventana, 02_rojo_pide_plan_y_lo_cierra, 02b_en_prueba_pide_plan_sin_actividad, 03_sin_plan_escala_a_direccion, 04_xor_origen, 05_calendario_mensual, 06_calendario_semanal, 07_revision_valida_y_abre_rojos",sgi.action.line sgi.cron sgi.indicator sgi.indicator.measure sgi.indicator.term sgi.management.review,ir.config_parameter ir.model mail.activity quality.alert,2,4,0,0,0,0,,,
test_indicator_trajectory.py,130,1,6,"post_install, -at_install","I-7: escalones trimestrales interpolados, corrección a mano con motivo,","01_escalones_interpolados, 02_medicion_contra_su_trimestre, 03_correccion_a_mano, 04_validaciones, 05_dentro_de_un_rango, 06_trayectoria_automatica",sgi.indicator sgi.indicator.measure sgi.indicator.step,,0,0,0,0,0,1,,,
test_indicators.py,106,1,7,"post_install, -at_install",TestIndicators: ,"01_semaphore_higher_better, 02_semaphore_lower_better, 02b_pending_has_no_semaphore, 03_cron_idempotent, 04_nc_on_red_creates_one_alert, 05_no_nc_without_flag, 06_validate_requires_manager_or_responsible",sgi.cron sgi.indicator sgi.indicator.measure,quality.alert res.users,1,0,0,0,2,2,,,
test_kpi20.py,448,2,14,"post_install, -at_install",KPIs automáticos 2.0 — Paso 1: los 4 modos directos.,"01_crecimiento_ventas, 02_ots_atendidas, 03_requisiciones, 03b_requisiciones_none_sin_categoria, 04_embarques_sin_error, 05_activate_auto_indicators_idempotent, 01_produccion_vs_capacidad, 01b_capacidad_prorratea_semanal, 02_consumo_energia, 02b_energia_sin_proveedor_queda_pendiente_con_nota, 03_compras_sin_devolucion_proxy, 03b_co03_no_se_activa_en_la_siembra, 04_capacitacion_cierra_brecha_sube_p",sgi.config sgi.cron sgi.indicator sgi.indicator.measure,account.account account.move approval.category approval.request hr.employee hr.employee.skill hr.job hr.job.skill hr.skill hr.skill.level hr.skill.type ir.config_parameter maintenance.request maintenance.stage mrp.production product.product purchase.order res.partner stock.location stock.move stock.picking stock.picking.type,0,0,0,0,2,0,,env.ref de indicadores sembrados,B-010 (compras_sin_devolucion) y B-001 (activate_auto_indicators)
test_kpi_fase4.py,83,1,3,"post_install, -at_install",TestKpiFase4: ,"01_desperdicio_subproducto, 02_desperdicio_none_sin_categoria, 03_calidad_pq",sgi.indicator,ir.config_parameter mrp.production mrp.revision.log product.category product.product quality.tag stock.location stock.lot stock.move,0,0,0,0,0,0,,,B-010 (calc_mode desperdicio)
test_kpi_fields.py,80,1,5,"post_install, -at_install",Campos nuevos para los 28 indicadores por fórmula (55.0.0).,"01_bitacora_de_bloqueo, 02_foto_del_inventario, 04_usuario_desactivado_y_baja, 05_primer_pedido_y_liberacion, 06_acuerdo_cumplido_y_pago",sgi.inventory.value sgi.lock.date.log sgi.management.review sgi.management.review.agreement,account.move hr.departure.reason hr.employee product.product res.company res.partner res.users sale.order stock.picking stock.picking.type,0,0,0,1,0,0,,skipTest sin valuación de inventario (02),A-017/G-018 (bitácora de bloqueo y valor de inventario salen a contabilidad)
test_links.py,120,1,7,"post_install, -at_install",Campos de liga entrada ↔ salida (19.0.53.5.0) y reglas de datos.,"01_c1_tarea_del_desarrollo_en_toda_la_cadena, 02_s5_06_nc_desde_mantenimiento, 03_s2_08_y_c4_19_y_c2_34, 04_documentos_fuera_del_sgi_sin_estado, 05_faltantes_no_viven_en_procesos_archivados, 06_objetivo_sin_indicador_sin_dato, 07_solo_proveedores_criticos",sgi.acuse.attach.wizard sgi.control.plan sgi.fmea sgi.objective sgi.ppap sgi.process sgi.process.activity sgi.supplier.eval,account.move documents.document ir.attachment ir.config_parameter maintenance.equipment maintenance.request mrp.bom mrp.production product.category product.template project.project project.task res.partner stock.picking,0,0,0,0,0,0,sí,categoría de producto «maquila» por nombre (07),
test_mgmt_review.py,72,1,5,"post_install, -at_install",TestManagementReview: ,"01_folio, 02_load_inputs_fills_snapshot, 02b_load_inputs_links_period_audits, 03_done_blocked_without_agreements, 04_agreements_create_tasks",sgi.audit sgi.management.review sgi.management.review.agreement sgi.process,,0,0,0,0,0,0,,,
test_mp_change.py,193,1,6,"post_install, -at_install","56.2.0: documentos del puesto desde sus actividades, «Proponer cambio» /","01_documentos_desde_las_actividades, 02_proponer_cambio_edita_la_actividad, 03_proponer_nueva_actividad_y_quitar, 05_boton_nuevo_de_mis_actividades, 04_usuario_sin_empleado, 06_cambiar_quien_la_ejecuta_y_candado",sgi.activity.change sgi.activity.role sgi.my.procedure sgi.process sgi.process.activity,approval.category approval.request documents.document hr.employee hr.job mail.activity,14,4,0,0,2,0,sí,,
test_my_pending.py,77,1,2,"post_install, -at_install","56.3.0: «Mis pendientes» en una sola lista con semáforo, en la pantalla y","01_un_boton_una_lista_con_semaforo, 02_mi_equipo_semaforo_por_persona",sgi.action.line sgi.my.pending sgi.my.procedure sgi.objective,documents.document hr.employee hr.employee.public hr.job,5,3,0,0,0,0,sí,,
test_my_procedure.py,497,1,15,"post_install, -at_install","«Mi procedimiento» por puesto: secciones por cadencia real, detalle solo","01_secciones_por_cadencia_real_y_orden, 02_lista_corta_y_escalamientos_recibidos, 03_huella_estable_y_sensible, 04_publicar_archiva_pdf_y_pide_acuses, 05_empleado_y_vista, 06_mis_actividades_todos_los_roles, 07_pantalla_nativa_actividades_y_botones, 08_pantalla_firma_contra_revision_vigente, 09_pantalla_quien_ve_a_quien, 10_jefe_directo_estado_neutro_y_una_consulta, 11_documentos_aplicables_y_mis_",sgi.action.line sgi.activity.role sgi.activity.week.stat sgi.cron sgi.deliverable sgi.indicator sgi.job.family sgi.my.procedure sgi.my.procedure.check sgi.objective sgi.process sgi.process.activity,documents.document hr.employee hr.employee.public hr.job ir.actions.report ir.ui.menu mail.activity,37,9,0,0,1,2,sí,,
test_my_procedure_sign.py,84,1,3,"post_install, -at_install",«Mi procedimiento» firmado en Sign antes de entrar en vigor (56.19.0):,"01_publicar_manda_a_firmar_y_firmar_pone_en_vigor, 02_sin_correo_no_queda_borrador, 03_sin_firma_sigue_como_antes",sgi.process sgi.process.activity sgi.sign.builder,documents.document hr.department hr.employee hr.job ir.config_parameter,4,3,0,0,0,0,sí,,
test_my_procedure_ui.py,69,1,2,"post_install, -at_install","Pantalla «Mi procedimiento» (54.1.0): encabezado de persona, botones","01_pantalla_con_botones, 02_mi_equipo_abre_en_organigrama",sgi.activity.role sgi.my.procedure sgi.my.procedure.check,hr.employee.public hr.job,0,0,0,0,3,0,,,
test_mywork.py,68,1,3,"post_install, -at_install","TestMyWork: El ciclo del empleado en «Mi trabajo»: ver qué me toca, entender de","01_action_line_done_and_origin, 02_ack_read_flow, 03_indicator_trend_action",sgi.action.line sgi.document.ack sgi.indicator sgi.risk,documents.document hr.employee,0,0,0,0,0,0,sí,,
test_nc_deadlines.py,169,1,6,"post_install, -at_install",PR 2 del plan (19.0.49.0.0): no conformidades que sí se cierran.,"01_plazos_al_abrir_y_estados_por_hecho, 02_aviso_el_dia_y_escalamiento, 03_reclamacion_no_avanza_sin_contencion, 04_eficacia_programada_y_cierre, 05_cancelar_con_motivo_y_aprobacion, 06_solo_etapas_del_sgi",sgi.action.line sgi.cron sgi.nc.cancel sgi.process,hr.employee mail.activity quality.alert quality.alert.stage quality.alert.team res.users,8,4,0,0,5,1,,,
test_nc_flow.py,98,1,4,"post_install, -at_install",TestNcFlow: ,"00_shared_stage_set, 01_sequences, 02_close_lock, 03_force_close_requires_manager",sgi.action.line sgi.nc.force.close,quality.alert quality.alert.stage res.users,1,0,0,0,5,0,,,
test_nc_origins.py,35,1,2,"post_install, -at_install",Orígenes nuevos de la NC y acta administrativa (56.20.0).,"01_origenes_nuevos, 02_accion_administrativa_pide_acta_a_rh",,ir.config_parameter quality.alert,0,2,0,0,0,0,,,
test_norm_compliance.py,110,1,5,"post_install, -at_install","Actividades ↔ puntos de la norma (56.23.0): «Cumple con», evidencia en el","01_evidencia_en_el_punto, 05_requisitos_de_clientes, 02_matriz_de_cumplimiento, 03_mi_procedimiento_muestra_cumple_con, 04_checklist_por_requisito",sgi.audit sgi.norm sgi.norm.clause sgi.process sgi.process.activity,hr.employee hr.job ir.actions.report,0,2,0,0,0,0,,,
test_ola0.py,245,4,18,"post_install, -at_install",OLA 0 — Cimiento técnico del SGI.,"01_folio_auto_assigned, 02_folio_unique_per_model, 03_mixin_inherited, 01_activity_created_on_origin, 02_reassign_reschedule_no_dup, 03_done_marks_activity, 05_reopen_reschedules_activity, 04_bulk_import_idempotent, 01_raso_cannot_edit_closed, 02_raso_cannot_reopen_closed, 03_mast_can_reopen_and_edit, 04_locked_states_declared, 05_lock_does_not_block_related_recompute, 01_block_without_action_or_r",sgi.action.line sgi.audit sgi.incident sgi.management.review sgi.ppap sgi.risk,mail.activity res.users,5,0,0,0,2,0,,,
test_ola1.py,361,5,25,"post_install, -at_install",OLA 1 — Motor de Mejora (ISO 10).,"01_correction_allowed_without_root_cause, 02_corrective_blocked_without_root_cause, 03_preventive_blocked_without_root_cause, 04_corrective_allowed_with_root_cause, 05_change_type_to_corrective_blocked, 06_mayor_needs_five_whys, 07_mayor_needs_corrective_done, 08_mayor_closes_with_whys_and_corrective, 01_link_fields_and_inverse_counts, 02_mayor_close_schedules_on_linked_fmea, 03_mayor_close_generi",sgi.action.line sgi.audit sgi.audit.finding sgi.cron sgi.fmea sgi.norm.clause sgi.process sgi.risk,hr.employee mail.activity quality.alert quality.alert.stage res.users,1,2,0,0,4,5,,"sgi.process search([],limit=1): en base vacía queda sin proceso; en copia toma C1 y cuenta NC reales (J-004)",
test_ola2.py,253,4,16,"post_install, -at_install","OLA 2 — La Línea Dorada (cascada ISO, general → particular).","01_policy_folio_and_cascade, 02_publish_obsoletes_previous, 03_only_one_vigente_enforced_in_db, 04_full_cascade_chain, 01_clean_process_is_green, 02_open_nc_only_is_yellow, 03_high_risk_is_red, 04_nc_plus_red_kpi_is_red, 05_cascade_worst_color_wins, 01_fk_is_stored_and_editable, 02_family_from_fk, 03_migration_fills_empty_only, 04_unmatched_stays_empty, 05_new_revision_reparents_children, 01_param",sgi.config sgi.cron sgi.indicator sgi.indicator.measure sgi.objective sgi.policy sgi.process sgi.risk,documents.document hr.employee ir.config_parameter mail.activity quality.alert res.users,0,0,0,0,2,1,sí,"sgi.process search([],limit=1) (04_full_cascade_chain)",B-001 en parte (migrate_document_families)
test_ola_a_procedure.py,90,1,6,"post_install, -at_install",OLA A paso 3 — sello de integridad del Procedimiento vivo (G14).,"01_editing_live_data_flags_document, 02_flag_schedules_activity_once, 03_body_field_flags_document, 04_new_revision_clears_flag, 05_no_vigente_doc_no_flag, 06_unlink_activity_flags",sgi.process sgi.process.activity,documents.document mail.activity,0,0,0,0,0,0,,,
test_ola_a_security.py,119,1,6,"post_install, -at_install",OLA A — Blindaje de evidencia.,"01_fmea_line_deletable_in_draft, 02_fmea_line_locked_when_vigente, 03_fmea_line_mast_can_delete_vigente, 04_ppap_element_locked_when_approved, 05_audit_finding_locked_when_closed, 06_force_close_acl_manager_only",sgi.action.line sgi.audit sgi.audit.finding sgi.fmea sgi.fmea.line sgi.ppap sgi.ppap.element,ir.model.access ir.model.data product.template res.partner res.users,7,0,0,0,3,0,,,A-018 en parte (AMEF/PPAP)
test_ola_b.py,136,3,8,"post_install, -at_install",OLA B — Línea dorada sin fugas.,"01_grave_forces_nc, 02_leve_no_nc, 03_grave_needs_iper_to_close, 04_nc_creation_idempotent, 01_major_needs_lesson_captured, 02_minor_does_not_need_lesson, 01_new_objective_inherits_vigente_policy, 02_policy_health_aggregates",sgi.action.line sgi.incident sgi.objective sgi.policy sgi.risk,quality.alert,1,2,0,0,2,0,,,
test_ola_certificable.py,190,1,10,"post_install, -at_install","Tests de la ola «certificable» (segunda auditoría, 2026-08): requisitos","legal_no_cumple_creates_nc, legal_source_off_no_nc, interested_party_review, objective_action_plan_and_health, measure_recompute, policy_acks, calibration_external_requires_certificate, rxd_new_entries, moc_gate, critical_mail_on_grave_incident",sgi.action.line sgi.calibration sgi.incident sgi.indicator sgi.indicator.measure sgi.interested.party sgi.legal.requirement sgi.management.review sgi.objective sgi.policy sgi.risk,approval.request documents.document hr.employee hr.job mail.mail maintenance.equipment res.users,0,0,0,0,3,0,,,B-010 en parte (plantilla_rh)
test_pegamento.py,50,1,1,"post_install, -at_install",TestPegamentoNcMayor: ,01_nc_mayor_closed_creates_activity,sgi.action.line,mail.activity quality.alert,0,0,0,0,3,0,,,
test_perm_auditor.py,77,1,4,"post_install, -at_install",PERM-1 (19.0.48.0.0): el Auditor SGI es de solo lectura. Lee todo el SGI,"01_auditor_is_not_a_user, 02_auditor_reads_everything, 03_auditor_cannot_change_evidence, 04_auditor_writes_findings",sgi.audit sgi.audit.finding sgi.indicator sgi.indicator.measure sgi.process sgi.risk,quality.alert res.users,3,2,6,0,3,0,sí,,
test_perm_groups.py,47,1,2,"post_install, -at_install",Bloque 2 (56.8.0): Jefe MAST y SGI con un solo miembro directo y retiro de,"01_jefe_mast_solo_con_areli, 02_grupos_heredados_retirados",sgi.my.procedure,ir.model ir.model.access ir.rule res.groups,1,4,0,0,2,0,,,B-005 (limpieza de grupos 56.8.0 ya aplicada)
test_ppap.py,85,1,5,"post_install, -at_install",TestPpap: ,"01_generates_18_elements, 02_enviado_requires_no_pending, 02b_nivel_1_solo_bloquean_los_S, 02c_cambiar_nivel_reaplica_tabla, 03_approve_requires_psw",sgi.ppap,product.template res.partner,0,0,0,0,0,0,,,A-018 (paquete automotriz)
test_pr4_docs_legal.py,140,1,5,"post_install, -at_install","PR 4 del plan (19.0.51.0.0): DOC-1 publicación en un paso, DOC-3 lista","01_doc1_con_archivo_publica_revision_nueva, 02_doc1_sin_archivo_revisa_en_sitio_y_reabre_acuses, 03_doc1_sin_puestos_toma_los_del_proceso, 04_doc3_lista_maestra, 05_dir1_evaluacion_con_evidencia_y_vencimiento",sgi.cron sgi.legal.evaluate sgi.legal.requirement sgi.my.procedure sgi.process sgi.process.activity,approval.category approval.request documents.document hr.employee hr.job ir.actions.report ir.attachment mail.activity,1,3,0,0,0,1,sí,,
test_pr5_direction.py,183,1,5,"post_install, -at_install","PR 5 del plan (19.0.52.0.0): DIR-2 riesgos con evaluación periódica, DIR-3","01_dir2_evaluacion_periodica_y_alto_sin_accion, 02_dir3_acuerdos_como_acciones_e_informe, 03_dir4_tablero_de_direccion, 04_per3_matriz_de_competencias, 05_dir4_tablero_sin_oficiales_usa_nivel_direccion",sgi.action.line sgi.cron sgi.direction.board sgi.indicator sgi.indicator.measure sgi.management.review sgi.management.review.agreement sgi.process sgi.risk,documents.document hr.department hr.employee hr.job ir.actions.report mail.activity,2,3,0,0,0,1,sí,,B-010 en parte (acuerdos_rxd)
test_pr6_external.py,237,1,8,"post_install, -at_install","PR 6 del plan (19.0.53.0.0): proveedores, clientes y firmas.","01_nc6_enviar_al_proveedor_y_respuesta_por_portal, 02_au4_auditorias_de_cliente_y_a_proveedor, 03_au5_programa_sugerido, 04_doc4_documentos_por_revisar_en_mis_pendientes, 05_doc5_instructivo_desde_knowledge, 06_reg1_firmas_ligadas_al_registro, 07_reg2_encuesta_como_entregable, 08_evaluacion_sin_datos_no_es_baja",sgi.audit sgi.audit.finding sgi.audit.program sgi.cron sgi.deliverable sgi.instruction.publish sgi.my.procedure sgi.process sgi.process.activity sgi.supplier.eval,documents.document hr.employee hr.job ir.model knowledge.article mail.activity mail.mail purchase.order quality.alert res.partner survey.survey,7,3,0,1,2,1,sí,skipTest sin Knowledge (05),
test_pr7_replaces.py,71,1,2,"post_install, -at_install",PR 7 del plan (19.0.53.1.0): sustituir un proceso sin dejar nada colgado.,"01_replaces_mueve_documentos_y_recuerda_al_sucesor, 02_una_carga_futura_no_deja_nada_colgado",sgi.indicator sgi.process sgi.risk,documents.document,0,0,0,0,0,0,sí,,
test_procedure.py,356,5,19,"post_install, -at_install",Mini-fase Procedimiento vivo — paso 1: modelo y ficha; paso 2: reporte.,"01_scope_and_norms, 02_responsibilities_are_lines, 03_activities_and_count, 04_activity_format_domain_holds_controlled_doc, 01_report_renders_html, 02_documented_info_dedup_and_union, 03_header_reads_live_procedure, 01_seed_loads_ventas, 02_documented_info_has_15_plus, 03_report_renders_for_ventas, 04_seed_is_idempotent, 05_seed_maps_odoo_menus, 06_seed_does_not_flag_dirty, 01_onchange_fills_odoo_",sgi.config sgi.norm sgi.process sgi.process.activity sgi.process.responsibility,documents.document hr.employee hr.job mail.activity res.users,1,0,0,3,5,0,sí,skipTest sin menú de Ventas (3); proc_ventas de datos,"B-002 (TestProcedureVentasSeed, siembra P-VEN) y A-003 (proc_ventas)"
test_process_map.py,34,1,3,"post_install, -at_install",TestProcessMap: ,"01_flow_from_equals_to, 02_flow_valid, 03_no_parent_recursion",sgi.process.flow,,0,0,0,0,2,0,,XML IDs proc_* de datos,A-003 (proc_ventas/proc_planeacion)
test_process_map_46.py,66,1,4,"post_install, -at_install",TestProcessMap46: ,"01_flow_with_model_opens_records, 02_flow_without_model_blocks, 03_maintenance_raise_nc, 04_coa_published_attaches_pdf",,ir.attachment maintenance.equipment maintenance.request product.product quality.check quality.point stock.location stock.lot stock.move.line stock.picking stock.picking.type,0,0,0,0,3,0,,XML IDs flow_* de datos,A-003 (flujos XML viejos)
test_release.py,115,1,5,"post_install, -at_install",P-7: no surtir lotes sin liberar; liga del traslado interno con su entrega.,"01_lot_in_waiting_location_blocks, 02_released_lot_passes, 03_failed_quality_check_blocks_until_pass, 04_other_picking_types_and_switch_off, 05_internal_transfer_links_delivery",,ir.config_parameter product.product quality.check quality.point res.partner sale.order stock.location stock.lot stock.picking stock.picking.type stock.quant stock.warehouse,0,0,0,0,0,0,,,
test_retro_vinculacion.py,29,1,2,"post_install, -at_install",TestRetroVinculacion: ,"01_hook_safe_without_teams, 02_hook_links_points_by_team",,quality.alert.team quality.point,0,0,0,0,1,0,,env.ref plan de control sembrado,A-030 (post_init_hook por nombre)
test_risk.py,118,1,6,"post_install, -at_install",TestRisk: ,"01_ryo_score_and_level, 02_iper_scale, 03_patrimonial_scale, 04_foda_no_score, 05_action_xor_constraint, 06_reopen_or_delete_action_revalidates_closed_risk",sgi.action.line sgi.risk,quality.alert,0,0,0,0,1,0,,,
test_role_audit.py,202,1,10,"post_install, -at_install",56.7.0: auditoría funcional por rol (28-sep-2026). Cada prueba entra como,"01_mis_indicadores_aunque_esten_en_prueba, 02_usuario_captura_solo_lo_suyo, 03_usuario_no_edita_catalogo_y_no_aprueba_todo, 04_escalaciones_van_al_jefe_mast_directo, 05_actividad_de_captura_se_cierra_sola, 06_mis_pendientes_en_el_menu, 07_procedimiento_guardado_en_el_empleado, 08_accion_terminada_exige_100_y_fecha_pasada, 09_programa_de_auditorias_sin_auditor_no_se_aprueba, 10_indicador_que_no_cal",sgi.action.line sgi.audit.program sgi.cron sgi.indicator sgi.indicator.measure sgi.my.pending sgi.my.procedure sgi.process sgi.process.activity sgi.risk,documents.document hr.employee hr.job ir.config_parameter mail.activity,15,4,6,0,6,0,sí,,
test_sales_budget.py,2466,23,117,"post_install, -at_install","Presupuesto maestro de ventas — Paso 1: modelo, unidades, divisas y real.","01_name_and_currency, 02_unique_active_per_year_team, 03_line_date_must_be_first_of_month_in_year, 04_uom_must_share_category, 05_display_name_includes_unit, 06_real_facturado_moneda_companiacon_balance, 07_real_convierte_unidad_misma_categoria, 08_real_refund_resta, 09_unidad_de_otra_categoria_excluida_y_contada, 10_qty_text_por_unidad_sin_mezclar, 11_avg_prices_protege_division_cero, 12_locked_w",sgi.cron sgi.indicator sgi.indicator.measure sgi.sales.budget sgi.sales.budget.import sgi.sales.budget.line,account.account account.move budget.analytic crm.team ir.actions.report ir.attachment ir.config_parameter mail.activity mrp.production.schedule product.pricelist product.pricelist.item product.product res.company res.currency.rate res.partner res.users sale.order stock.warehouse,27,0,1,2,5,2,,skipTest sin mrp_mps (2),A-016 (sale a módulo propio: 117 pruebas)
test_sgi_format_map.py,120,1,8,"post_install, -at_install",TestSgiFormatMap: ,"01_revision_viva_desde_documentos, 02_clave_sin_documento_vigente, 03_venta_clave_por_estado, 04_picking_solo_salidas, 05_modelo_sin_mapeo, 06_mapeo_unico_por_modelo, 07_clave_invalida, 08_render_pie_de_pagina",sgi.format.map,documents.document ir.model ir.qweb product.product purchase.order res.partner sale.order stock.picking stock.warehouse,0,0,0,0,0,0,sí,,
test_sign_builder.py,100,1,4,"post_install, -at_install",Plantillas de Sign armadas por el SGI (56.18.0): acuses de lectura y,"01_acuse_sin_plantilla_hecha_a_mano, 02_revision_nueva_arma_otra_plantilla, 03_plantilla_hecha_a_mano_se_respeta, 04_responsiva_de_epp",sgi.document.ack sgi.epp.delivery sgi.sign.builder,documents.document hr.employee ir.config_parameter,1,3,0,0,1,0,sí,,
test_sign_elearning.py,82,1,3,"post_install, -at_install",TestSignElearning: Integraciones Sign/eLearning y digest semanal (v19.0.26.0.0).,"send_sign_requests_without_pending, sync_crons_run_empty, employee_lookup_and_skill_grant",sgi.cron,documents.document hr.employee hr.employee.skill hr.skill hr.skill.level hr.skill.type res.users slide.channel,1,0,0,0,0,2,,,B-017 (digest semanal apagado)
test_spec.py,370,1,19,"post_install, -at_install","Actividades específicas: dónde, cómo, criterio de terminado, plazo, si","01_no_done_blocks_publish, 02_vague_verb_follows_parameter, 03_compare_verb_without_against_is_warning, 04_escalation_needs_days, 05_due_weekday_needs_weekly_cadence, 06_applies_domain_filters_applicable_and_late, 07_complete_domain, 08_business_days_use_calendar, 09_load_is_idempotent_with_new_keys, 10_unknown_nested_keys_are_errors, 11_odoo_channel_needs_menu, 12_how_by_steps_or_instruction, 13_",sgi.activity.week.stat sgi.deliverable sgi.indicator sgi.process sgi.process.activity,hr.employee hr.job ir.config_parameter ir.model project.project project.task res.partner,0,0,0,0,0,0,,,
test_structure.py,386,1,18,"post_install, -at_install","Estructura en vez de texto: numeral calculado, etapas, entregables que","01_number_is_process_code_plus_step, 02_section_text_becomes_stage, 03_deliverable_connects_activities, 04_calculated_links_are_not_edited, 05_manual_link_replaced_by_deliverable, 06_deliverable_measures_its_producer, 07_deadline_on_receiver_drives_chain, 08_sentence_and_responsibilities, 09_load_deliverables_io_and_measure, 10_legacy_keys_are_errors, 11_condition_only_for_approver_or_informed, 12",sgi.activity.link sgi.activity.role sgi.deliverable sgi.indicator sgi.process sgi.process.activity sgi.process.flow sgi.risk,hr.employee hr.job ir.model res.partner res.users sale.order,0,0,0,0,0,0,,,
test_structure_sgi.py,84,1,4,"post_install, -at_install","Estructura del SGI, pasos 3 y 4: ficha de proceso y ficha de actividad.","01_linea_de_estado_y_nc_abiertas, 02_pedir_un_cambio_apunta_al_procedimiento, 03_diagrama_e_instructivo, 04_registrar_hallazgo",sgi.process sgi.process.activity,documents.document hr.employee hr.job quality.alert,0,0,0,0,0,0,sí,,
test_view_file.py,110,1,6,"post_install, -at_install",TestViewFile: ,"01_binary_returns_act_url_with_attachment, 02_url_document_returns_act_url_to_link, 03_no_file_raises_user_error, 04_open_in_documents_returns_native_action, 05_formulario_odoo_opens_menu_action, 06_resolve_menu_from_migration_target",,documents.document ir.actions.act_window ir.attachment ir.ui.menu,0,0,0,0,0,0,,,
