n,tipo,elemento,ubicacion,detalle
4,modelo heredado,sgi.activity.input,addons/quimibond_sgi/models/sgi_activity_spec.py:466,Model
9,modelo propio,sgi.activity.week.stat,addons/quimibond_sgi/models/sgi_activity_spec.py:842,Model
21,modelo propio,sgi.audit.program.line,addons/quimibond_sgi/models/sgi_audit.py:120,Model
22,modelo propio,sgi.audit,addons/quimibond_sgi/models/sgi_audit.py:165,Model
23,modelo propio,sgi.audit.finding,addons/quimibond_sgi/models/sgi_audit.py:528,Model
24,modelo propio,sgi.audit.checklist.line,addons/quimibond_sgi/models/sgi_audit.py:610,Model
31,modelo heredado,crm.team.member,addons/quimibond_sgi/models/sgi_business_line.py:201,Model
32,modelo heredado,crm.team,addons/quimibond_sgi/models/sgi_business_line.py:228,Model
33,modelo heredado,sgi.activity.exec.stat,addons/quimibond_sgi/models/sgi_business_line.py:241,Model
37,modelo propio,sgi.indicator.measure.split,addons/quimibond_sgi/models/sgi_business_line.py:417,Model
38,modelo heredado,quality.check,addons/quimibond_sgi/models/sgi_calibration.py:8,Model
39,modelo heredado,maintenance.equipment,addons/quimibond_sgi/models/sgi_calibration.py:50,Model
47,modelo propio,sgi.checklist.template.item,addons/quimibond_sgi/models/sgi_checklist.py:100,Model
48,modelo propio,sgi.checklist.line,addons/quimibond_sgi/models/sgi_checklist.py:111,Model
49,modelo heredado,maintenance.request,addons/quimibond_sgi/models/sgi_checklist.py:126,Model
55,modelo heredado,sale.order,addons/quimibond_sgi/models/sgi_coa.py:211,Model
56,modelo propio,sgi.coa.attach.wizard,addons/quimibond_sgi/models/sgi_coa.py:242,TransientModel
57,modelo propio,sgi.coa.exception.wizard,addons/quimibond_sgi/models/sgi_coa.py:289,TransientModel
60,modelo propio,sgi.competence.gap,addons/quimibond_sgi/models/sgi_competence.py:30,Model
64,modelo heredado,quality.point,addons/quimibond_sgi/models/sgi_control_plan.py:8,Model
66,modelo heredado,stock.lot,addons/quimibond_sgi/models/sgi_control_plan.py:171,Model
68,modelo heredado,crm.team,addons/quimibond_sgi/models/sgi_customer_reply.py:26,Model
73,modelo propio,sgi.activity.input,addons/quimibond_sgi/models/sgi_deliverable.py:321,Model
75,modelo propio,sgi.calculated.connection.mixin,addons/quimibond_sgi/models/sgi_deliverable.py:426,AbstractModel
77,modelo heredado,sgi.activity.link,addons/quimibond_sgi/models/sgi_deliverable.py:510,Model
79,modelo heredado,project.project,addons/quimibond_sgi/models/sgi_dev_request.py:61,Model
80,modelo propio,sgi.dev.characteristic,addons/quimibond_sgi/models/sgi_dev_request.py:127,Model
81,modelo propio,sgi.diagnostic.line,addons/quimibond_sgi/models/sgi_diagnostic.py:23,TransientModel
82,modelo propio,sgi.diagnostic,addons/quimibond_sgi/models/sgi_diagnostic.py:37,TransientModel
83,modelo propio,sgi.diagram,addons/quimibond_sgi/models/sgi_diagram.py:72,AbstractModel
84,modelo heredado,sgi.diagram,addons/quimibond_sgi/models/sgi_diagram_iso.py:47,AbstractModel
85,modelo heredado,ir.ui.view,addons/quimibond_sgi/models/sgi_diagram_view.py:21,Model
86,modelo heredado,ir.actions.act_window.view,addons/quimibond_sgi/models/sgi_diagram_view.py:48,Model
88,modelo propio,sgi.direction.board,addons/quimibond_sgi/models/sgi_direction_board.py:54,TransientModel
93,modelo heredado,sign.request.item,addons/quimibond_sgi/models/sgi_doc_change_sign.py:319,Model
96,modelo propio,sgi.document.ack,addons/quimibond_sgi/models/sgi_document.py:754,Model
103,modelo heredado,res.config.settings,addons/quimibond_sgi/models/sgi_epp_sign.py:130,TransientModel
104,modelo propio,sgi.activity.exec.stat,addons/quimibond_sgi/models/sgi_exec_stat.py:21,Model
112,modelo heredado,sale.order,addons/quimibond_sgi/models/sgi_format_map.py:684,Model
116,modelo heredado,maintenance.request,addons/quimibond_sgi/models/sgi_format_map.py:714,Model
118,modelo heredado,stock.lot,addons/quimibond_sgi/models/sgi_format_map.py:724,Model
127,modelo propio,sgi.csh.finding,addons/quimibond_sgi/models/sgi_hse_records.py:175,Model
128,modelo heredado,project.project,addons/quimibond_sgi/models/sgi_improvement.py:6,Model
129,modelo heredado,project.task.type,addons/quimibond_sgi/models/sgi_improvement.py:12,Model
130,modelo heredado,project.task,addons/quimibond_sgi/models/sgi_improvement.py:18,Model
148,modelo propio,sgi.indicator.step,addons/quimibond_sgi/models/sgi_indicator_trajectory.py:31,Model
153,modelo propio,sgi.instruction.publish,addons/quimibond_sgi/models/sgi_instruction_knowledge.py:59,TransientModel
157,modelo heredado,maintenance.request,addons/quimibond_sgi/models/sgi_integration.py:146,Model
160,modelo heredado,product.product,addons/quimibond_sgi/models/sgi_integration.py:230,Model
165,modelo heredado,sale.order,addons/quimibond_sgi/models/sgi_kpi_fields.py:66,Model
168,modelo heredado,account.move.line,addons/quimibond_sgi/models/sgi_kpi_fields.py:122,Model
174,modelo heredado,hr.version,addons/quimibond_sgi/models/sgi_kpi_fields.py:272,Model
178,modelo propio,sgi.legal.evaluation,addons/quimibond_sgi/models/sgi_legal.py:230,Model
179,modelo propio,sgi.legal.evaluate,addons/quimibond_sgi/models/sgi_legal.py:252,TransientModel
182,modelo heredado,mrp.bom,addons/quimibond_sgi/models/sgi_links.py:39,Model
186,modelo heredado,project.task,addons/quimibond_sgi/models/sgi_links.py:63,Model
196,modelo propio,sgi.catalog.load.wizard,addons/quimibond_sgi/models/sgi_load_wizard.py:22,TransientModel
197,modelo propio,sgi.catalog.load.wizard.line,addons/quimibond_sgi/models/sgi_load_wizard.py:103,TransientModel
199,modelo propio,sgi.machine.sheet.yarn,addons/quimibond_sgi/models/sgi_machine_sheet.py:111,Model
200,modelo propio,sgi.machine.sheet.param,addons/quimibond_sgi/models/sgi_machine_sheet.py:128,Model
210,modelo propio,sgi.activity.change.role,addons/quimibond_sgi/models/sgi_mp_change.py:511,Model
223,modelo propio,sgi.my.procedure.mixin,addons/quimibond_sgi/models/sgi_my_procedure_screen.py:118,AbstractModel
235,modelo heredado,res.config.settings,addons/quimibond_sgi/models/sgi_my_procedure_sign.py:136,TransientModel
237,modelo heredado,quality.alert.stage,addons/quimibond_sgi/models/sgi_nonconformity.py:38,Model
238,modelo heredado,quality.alert.team,addons/quimibond_sgi/models/sgi_nonconformity.py:45,Model
242,modelo propio,sgi.nc.cancel,addons/quimibond_sgi/models/sgi_nonconformity.py:926,TransientModel
248,modelo heredado,sgi.audit.checklist.line,addons/quimibond_sgi/models/sgi_norm_compliance.py:164,Model
249,modelo heredado,sgi.audit,addons/quimibond_sgi/models/sgi_norm_compliance.py:207,Model
263,modelo propio,sgi.activity.link,addons/quimibond_sgi/models/sgi_process_procedure.py:1409,Model
266,modelo propio,sgi.risk,addons/quimibond_sgi/models/sgi_risk.py:35,Model
267,modelo heredado,sale.order,addons/quimibond_sgi/models/sgi_sale_commitment.py:14,Model
271,modelo heredado,res.config.settings,addons/quimibond_sgi/models/sgi_settings.py:5,TransientModel
272,modelo propio,sgi.sign.builder,addons/quimibond_sgi/models/sgi_sign_builder.py:25,AbstractModel
274,modelo heredado,sgi.document.ack,addons/quimibond_sgi/models/sgi_sign_elearning.py:117,Model
275,modelo heredado,slide.channel,addons/quimibond_sgi/models/sgi_sign_elearning.py:148,Model
279,modelo heredado,stock.lot,addons/quimibond_sgi/models/sgi_sign_record.py:81,Model
281,modelo heredado,product.product,addons/quimibond_sgi/models/sgi_sign_record.py:91,Model
285,modelo propio,sgi.staff.efficiency.line,addons/quimibond_sgi/models/sgi_staff_efficiency.py:173,Model
