usuario,nombre,rol,mis_pendientes_total,mis_pendientes_por_tipo,mis_pendientes_atrasadas,mis_pendientes_sobran_o_mal_rotulados,mis_pendientes_faltan,mi_procedimiento_ejecuta_aprueba,mp_atrasadas,mp_al_dia,mp_sin_medicion,mp_escalamientos,mp_participa_o_se_entera,acuses_pendientes,campana_actividades_sgi,campana_total,notas
150,Dario Manriquez,Usuario SGI,12,medición 12 (LO-01 semanal; todas «capturado»),12,12 dicen «Medir» y son «Validar» (decisión tanda 2 #3); 3 títulos distintos para 12 semanas (I-007),3 actividades atrasadas de Mi procedimiento (C2.34 S5.21 S5.22) + 1 acuse,16,3,2,11,2,11,1,1,1,La única actividad de la campana es «Capturar indicador LO-02 (08/2026)» (46944) sobre un indicador ARCHIVADO (I-008)
128,Blanca Areli Ballesteros,Jefe MAST y SGI,11,medición 10 (TR-01..04 jun-ago; 4 capturado 6 pendiente) + solicitud 1 (685),10,4 «Medir» que son «Validar»,5 actividades atrasadas + 1 acuse + las ~216 actividades de MAST que están en la campana de 7 y 67 (I-003); los 25 requisitos legales entran en noviembre (todos a la vez),27,5,6,16,14,14,1,3,6,«Capturar indicador TR-03» sobre medición ya calculada (sobra)
35,Jorge Manuel Ortiz,Dirección de Operaciones,12,medición 8 (C4-01 C4-02 MA-04×3 MA-05×3) + solicitud 4 (requisiciones del 28-sep),8,7 «Medir» que son «Validar»,2 actividades atrasadas + 1 acuse; ningún escalamiento real (los 97 «Escala» son texto),22,2,5,15,97,34,1,3,21,«Capturar indicador MA-04» está con Guadalupe Ramos (80) aunque el responsable hoy es él (I-008)
152,Mariano Dominguez,Administrador SGI,4,medición 3 (TI-01 jun-ago pendiente) + solicitud 1 (685),3,0,2 actividades atrasadas + 1 acuse,11,2,2,7,0,0,1,1,3,
135,Manuel Juarez,Captura de eficiencias / jefe de área,1,medición 1 (MT-03 jul capturado),1,1 «Medir» que es «Validar»,2 actividades atrasadas + 1 acuse,14,2,3,9,4,8,1,6,9,0 hojas de eficiencias; 0 checklists generados aunque es responsable de 2 plantillas
33,Oscar Gonzalez,Jefe de área que captura eficiencias,7,medición 7 (6 capturado 1 pendiente),7,6 «Medir» que son «Validar»,1 actividad atrasada (rojo) + 1 acuse,18,≥1,≥3,≥14,21,9,1,5,7,mp contado por measure_state; la semana medida puede sumar atrasadas
24,Gerardo Franco Pérez,Supervisor de planta,0,—,0,—,2 actividades atrasadas (C4.19 cerrar orden en 48 h; S4.07 evaluación de periodo de prueba) + 1 acuse: Mis pendientes dice «Sin pendientes. Estás al día» (I-001),7,2,4,1,2,24,1,0,0,No está en Captura de eficiencias aunque participa en C4.25 y tiene 12 subordinados
88,Miguel Medina,Candidato a Salud ocupacional (Coordinador de RH),3,medición 3 (RH-03 jun-ago capturado),3,3 «Medir» que son «Validar»,2 actividades atrasadas + 1 acuse; con la entrega 1 recibirá avisos de exámenes que no puede abrir (I-013),21,2,4,15,0,12,1,6,7,
87,Sandra Dávila,Usuario SGI (caso E-003),6,medición 4 + aprobación 2 (PV16777 PV16946),6,0 (las 2 de febrero NO salen: sgi_archived_filters.py:98),—,15,no contado,no contado,no contado,no contado,no contado,1,1,51,48 de las 50 «Conceder aprobación» de la campana son de pedidos ya confirmados o ya aprobados (I-004)
13,Guadalupe Guerrero García,Usuario SGI (caso E-003),3,aprobación 3 (2 de febrero por la regla 35 activa sobre PV15254 PV15323 en borrador + PV16946),3,2 de febrero (I-004),—,3 (familia PEDIDOS),no contado,no contado,no contado,no contado,no contado,0 (sin acuse registrado),0,24,
67,Ana Silvia Colin,Usuario SGI (auxiliar de almacén),0,—,0,—,—,6,no contado,no contado,no contado,no contado,no contado,no contado,46,46,42 «Procedimiento vivo cambió» (14 documentos ×3) + 3 «Eslabón atorado» + 1 «Revisar DNC» del 21 al 24 de agosto: son de MAST y RH (I-003)
7,Jose J. Mizrahi,Administrador SGI (CEO),1 acción vencida + medición 0 (no contado completo),no contado (fuera de muestra),no contado (fuera de muestra),no contado (fuera de muestra),no contado (fuera de muestra),20,no contado (fuera de muestra),no contado (fuera de muestra),no contado (fuera de muestra),no contado (fuera de muestra),no contado (fuera de muestra),no contado (fuera de muestra),173,174,143 «Calibración VENCIDA» + 15 «Procedimiento vivo cambió» + 10 «Revisar parte interesada» + 2 riesgos: son de MAST (G-005; I-003)
132,Erivani contador,Empleado sin SGI,no ve el menú,—,—,—,—,—,—,—,—,—,—,0,0,0,
92,Supervisor (cuenta genérica),Usuario SGI sin empleado,0,—,0,—,todo: sin empleado no hay Mi procedimiento (aviso «Tu usuario no está ligado a un empleado»),0,—,—,—,—,—,0,0,0,Cuenta compartida con Proyecto / Administrador (I-017)
