archivo_linea,texto
"quimibond_sgi/views/sgi_doc_change_views.xml:183","&lt;p&gt;Alta, modificación o baja de un documento controlado (F-P-G01-06). Al"
"quimibond_sgi/views/sgi_process_views.xml:46","<h1><field name=""name"" placeholder=""¿Qué se entrega? (ej. Programa semanal F-P-A12-01)""/></h1>"
"quimibond_sgi/views/sgi_machine_sheet_views.xml:138","acondicionada con especificación y tolerancia). Sustituye el Excel F-IT-P-P01-08-05. Una ficha vigente por"
"quimibond_sgi/views/sgi_audit_views.xml:102","help=""Abre la encuesta de evaluación del comportamiento del auditor (sustituye F-IT-P-G03-01-01); la contesta el auditado.""/>"
"quimibond_sgi/views/sgi_audit_views.xml:189","F-P-G03-05 (apertura) y F-P-G03-06 (cierre)."
"quimibond_sgi/views/sgi_settings_views.xml:60","help=""P-A28 4.3.6.1  un presupuesto aprobado por debajo de este % pide justificación (banner y actividad al Admin de ventas). No bloquea."">"
"quimibond_sgi/views/sgi_settings_views.xml:64","help=""P-A28 4.2.2.7  comprometido por encima de 100% + este % = excedido."">"
"quimibond_sgi/views/sgi_integration_views.xml:78","F-P-S03-01. El cron de EPP vigila reposiciones; la"
"quimibond_sgi/views/sgi_document_views.xml:43","<h1><field name=""sgi_code"" placeholder=""Clave (P-A28 · F-P-G05-01 · IT-P-P01-08 · DAT… · ANEXO 6)""/></h1>"
"quimibond_sgi/views/sgi_document_views.xml:46","La clave sigue la nomenclatura PNTQ (P-Xnn, F-P-Xnn-nn,"
"quimibond_sgi/views/sgi_document_views.xml:47","IT-P-Xnn-nn, F-IT-P-Xnn-nn-nn, DAT, PROT-nn, ANEXO n;"
"quimibond_sgi/views/sgi_document_views.xml:163","<group string=""Referencias a otras familias (P-A22, P-C01… — captura MAST)"">"
"quimibond_sgi/views/sgi_document_views.xml:293","<p>Con su clave en el nombre (P-A28, F-P-G05-01...). La revisión, vigencia y difusión se controlan desde aquí.</p>"
"quimibond_sgi/views/sgi_staff_efficiency_views.xml:141","calidad) y el monto del incentivo. Sustituye los Excel F-P-A01-32 y F-P-A01-34. La eficiencia se propone"
"quimibond_sgi/views/sgi_competence_views.xml:93","'name'  'Encuesta DNC (F-P-A01-17)',"
"quimibond_sgi/views/sgi_sales_budget_views.xml:348","(P-A28 4.3.6.1) abajo. No bloquea nada  es evidencia del"
"quimibond_sgi/views/sgi_sales_budget_views.xml:388","<group string=""Justificación de incumplimiento (P-A28 4.3.6.1)"""
"quimibond_sgi/views/sgi_sales_budget_views.xml:480","Sube el Excel. En un <b>presupuesto</b> se lee el F-P-A28-18"
"quimibond_sgi/views/sgi_sales_budget_views.xml:482","<b>pronóstico</b>, el forecast F-P-A28-13 (fila «SEMANA» con"
"quimibond_sgi/views/sgi_sales_budget_views.xml:518","<field name=""name"">Presupuesto de ventas (F-P-A28-17/18)</field>"
"quimibond_sgi/views/sgi_sales_budget_views.xml:526","<p>Un presupuesto por mercado (equipo de ventas) y año (F-P-A28-18)."
"quimibond_sgi/views/sgi_sales_budget_views.xml:554","<field name=""name"">Pronóstico de ventas (F-P-A28-13)</field>"
"quimibond_sgi/views/sgi_sales_budget_views.xml:565","<p>Un pronóstico por cliente y año (F-P-A28-13, forecast). Captura la"
"quimibond_sgi/views/sgi_risk_views.xml:20","<p>Las categorías del F-P-C09 ya vienen sembradas.</p>"
"quimibond_sgi/views/sgi_pr6_views.xml:102","<field name=""code"" placeholder=""IT-P-C11-05""/>"
"quimibond_sgi/report/report_audit.xml:5","<field name=""name"">Plan de auditoría (F-P-G03-03)</field>"
"quimibond_sgi/report/report_audit.xml:19","<h2 class=""text-center"">Plan de Auditoría — F-P-G03-03</h2>"
"quimibond_sgi/report/report_audit.xml:64","<h2 class=""text-center"">Informe de Auditoría — F-P-G03-07</h2>"
"quimibond_sgi/report/report_audit.xml:96","<p><strong>Apertura (F-P-G03-05) </strong> <span t-field=""doc.opening_minutes""/></p>"
"quimibond_sgi/report/report_audit.xml:97","<p><strong>Cierre (F-P-G03-06) </strong> <span t-field=""doc.closing_minutes""/></p>"
"quimibond_sgi/report/report_doc_change.xml:21","<field name=""name"">Cambio documental (F-P-G01-06)</field>"
"quimibond_sgi/report/report_doc_change.xml:26","<field name=""print_report_name"">'F-P-G01-06 - %s' % (object.name)</field>"
"quimibond_sgi/report/report_doc_change.xml:34","<t t-set=""format_rev"" t-value=""doc.env['sgi.format.map'].sudo()._revision_of('F-P-G01-06')""/>"
"quimibond_sgi/report/report_doc_change.xml:43","<div><strong>F-P-G01-06</strong></div>"
"quimibond_sgi/report/report_doc_change.xml:100","<div>F-P-G01-06 · cambio documental firmado electrónicamente en Sign.</div>"
"quimibond_sgi/report/report_fmea.xml:4","<field name=""name"">AMEF (P-C10)</field>"
"quimibond_sgi/report/report_fmea.xml:19","<h2 class=""text-center"">AMEF — P-C10</h2>"
"quimibond_sgi/report/report_sales_budget.xml:4","<field name=""name"">Presupuesto de ventas (F-P-A28-17/18)</field>"
"quimibond_sgi/report/report_sales_budget.xml:25","Presupuesto de Ventas (F-P-A28-17/18)<br/>"
"quimibond_sgi/report/report_sales_budget.xml:115","Pronóstico de Ventas (F-P-A28-13)<br/>"
"quimibond_sgi/report/report_calibration_label.xml:57","<t t-set=""label_code"" t-value=""'F-P-C03-01'""/>"
"quimibond_sgi/report/report_calibration_label.xml:73","<t t-set=""label_code"" t-value=""'F-P-C03-02'""/>"
"quimibond_sgi/report/report_master_list_all.xml:4","SGI (F-P-G01-03) desde Documentos  clave, título, revisión, área,"
"quimibond_sgi/report/report_master_list_all.xml:39","área, responsable y estado. Sustituye el Excel F-P-G01-03. Imprímela con Acción → Lista maestra.</p>"
"quimibond_sgi/report/report_master_list_all.xml:44","<field name=""name"">Lista maestra de documentos (F-P-G01-03)</field>"
"quimibond_sgi/report/report_master_list_all.xml:81","Formato controlado del SGI  F-P-G01-03 · PNTQ"
"quimibond_sgi/report/report_coa.xml:4","<field name=""name"">Certificado de Calidad / Certificate of Analysis (P-C07)</field>"
"quimibond_sgi/report/report_coa.xml:20","<small>Certificate of Conformity (CoA) — P-C07</small>"
"quimibond_sgi/report/report_procedure.xml:4","<field name=""name"">Imprimir procedimiento (F-P-G01-02)</field>"
"quimibond_sgi/report/report_procedure.xml:59","<strong>F-P-G01-02</strong>"
"quimibond_sgi/report/report_procedure.xml:75","<t t-set=""g0102_rev"" t-value=""doc._sgi_format_revision('F-P-G01-02')""/>"
"quimibond_sgi/report/report_procedure.xml:79","<t t-set=""iper_matrix"" t-value=""doc._sgi_document_by_code('F-P-S01-01')""/>"
"quimibond_sgi/report/report_procedure.xml:236","<strong>F-P-S01-01</strong><t t-if=""iper_matrix""> Rev. <span t-out=""iper_matrix.sgi_revision_label""/></t>."
"quimibond_sgi/report/report_incident.xml:4","<field name=""name"">Investigación de Incidente SST (P-S02)</field>"
"quimibond_sgi/report/report_incident.xml:18","<h2 class=""text-center"">Investigación de Incidente SST — P-S02 (SCAT)</h2>"
"quimibond_sgi/report/report_news.xml:4","<field name=""name"">Boletín NEWS (F-P-G01-16)</field>"
"quimibond_sgi/report/report_news.xml:15","<h2 class=""text-center"">NEWS — Cambios documentales SGI (F-P-G01-16)</h2>"
"quimibond_sgi/report/report_mgmt_review.xml:4","<field name=""name"">Acta de Revisión por la Dirección (F-IT-P-A10-01-01)</field>"
"quimibond_sgi/report/report_mgmt_review.xml:19","<h5 class=""text-center text-muted"">F-IT-P-A10-01-01</h5>"
"quimibond_sgi/report/report_my_procedure.xml:319","La responsiva de entrega (F-P-S03-02) se firma en Odoo (Mi procedimiento → Mi EPP)."
"quimibond_sgi/report/report_nc.xml:4","<field name=""name"">Reporte de No Conformidad (F-P-G05-01)</field>"
"quimibond_sgi/report/report_nc.xml:18","<h2 class=""text-center"">No Conformidad — F-P-G05-01</h2>"
