addon,xml_id,modelo,tipo,archivo,titulo,n_campos,n_botones,referencias,veredicto,hallazgos,notas
quimibond_sgi,sgi_document_master_list_view_list,documents.document,list,addons/quimibond_sgi/report/report_master_list_all.xml:6,Lista maestra de documentos,11,0,1,Se queda,,
quimibond_sgi,sgi_action_line_view_list,sgi.action.line,list,addons/quimibond_sgi/views/sgi_action_line_views.xml:6,Acciones,12,2,0,Se corrige,D-007,
quimibond_sgi,sgi_action_line_view_search,sgi.action.line,search,addons/quimibond_sgi/views/sgi_action_line_views.xml:37,,2,0,1,Se queda,,
quimibond_sgi,sgi_action_line_view_form,sgi.action.line,form,addons/quimibond_sgi/views/sgi_action_line_views.xml:76,Acción,13,2,0,Se corrige,D-007,
quimibond_sgi,sgi_activity_spec_gap_view_list,sgi.activity.spec.gap,list,addons/quimibond_sgi/views/sgi_activity_spec_views.xml:4,Faltantes de especificación,6,0,0,Se queda,,
quimibond_sgi,sgi_activity_spec_gap_view_pivot,sgi.activity.spec.gap,pivot,addons/quimibond_sgi/views/sgi_activity_spec_views.xml:20,Faltantes de especificación,2,0,0,Se queda,,
quimibond_sgi,sgi_activity_spec_gap_view_search,sgi.activity.spec.gap,search,addons/quimibond_sgi/views/sgi_activity_spec_views.xml:31,Faltantes de especificación,3,0,1,Se queda,,
quimibond_sgi,sgi_activity_week_stat_view_list,sgi.activity.week.stat,list,addons/quimibond_sgi/views/sgi_activity_spec_views.xml:63,Cumplimiento semanal,12,0,0,Se queda,,
quimibond_sgi,sgi_activity_week_stat_view_pivot,sgi.activity.week.stat,pivot,addons/quimibond_sgi/views/sgi_activity_spec_views.xml:85,Cumplimiento semanal,6,0,0,Se queda,,
quimibond_sgi,sgi_activity_week_stat_view_search,sgi.activity.week.stat,search,addons/quimibond_sgi/views/sgi_activity_spec_views.xml:100,Cumplimiento semanal,2,0,1,Se queda,,
quimibond_sgi,sgi_alert_source_view_list,sgi.alert.source,list,addons/quimibond_sgi/views/sgi_alert_source_views.xml:4,,9,0,0,Se corrige,D-014,
quimibond_sgi,sgi_alert_source_view_form,sgi.alert.source,form,addons/quimibond_sgi/views/sgi_alert_source_views.xml:23,Fuente de NC automática,9,1,0,Se queda,,
quimibond_sgi,sgi_activity_role_view_list_approval,sgi.activity.role,list,addons/quimibond_sgi/views/sgi_approval_native_views.xml:5,Aprobaciones del SGI,21,4,1,Se queda,,
quimibond_sgi,sgi_activity_role_view_search_approval,sgi.activity.role,search,addons/quimibond_sgi/views/sgi_approval_native_views.xml:59,Aprobaciones del SGI,3,0,1,Se queda,,
quimibond_sgi,sgi_area_view_list,sgi.area,list,addons/quimibond_sgi/views/sgi_area_views.xml:3,Áreas SGI,3,0,0,Se corrige,D-014,
quimibond_sgi,sgi_area_view_form,sgi.area,form,addons/quimibond_sgi/views/sgi_area_views.xml:15,Área SGI,4,0,0,Se queda,,
quimibond_sgi,sgi_audit_program_view_form,sgi.audit.program,form,addons/quimibond_sgi/views/sgi_audit_views.xml:4,Programa de auditorías,10,4,1,Se corrige,D-008,sin confirm: action_close
quimibond_sgi,sgi_audit_program_view_list,sgi.audit.program,list,addons/quimibond_sgi/views/sgi_audit_views.xml:48,Programas de auditoría,2,0,0,Se corrige,D-014,
quimibond_sgi,sgi_audit_view_form,sgi.audit,form,addons/quimibond_sgi/views/sgi_audit_views.xml:72,Auditoría,40,14,1,Se corrige,D-003 D-007 D-008 D-011,sin confirm: action_close
quimibond_sgi,sgi_audit_view_list,sgi.audit,list,addons/quimibond_sgi/views/sgi_audit_views.xml:219,Auditorías,6,0,0,Se queda,,
quimibond_sgi,sgi_audit_view_search,sgi.audit,search,addons/quimibond_sgi/views/sgi_audit_views.xml:234,Auditorías,3,0,1,Se queda,,
quimibond_sgi,sgi_audit_finding_view_list,sgi.audit.finding,list,addons/quimibond_sgi/views/sgi_audit_views.xml:264,Hallazgos,7,0,0,Se queda,,
quimibond_sgi,sgi_audit_view_activity,sgi.audit,activity,addons/quimibond_sgi/views/sgi_audit_views.xml:280,Auditorías,1,0,0,Se queda,,
quimibond_sgi,sgi_budget_analytic_view_form,budget.analytic,herencia de (búsqueda: primera vista form primaria de budget.analytic),addons/quimibond_sgi/views/sgi_budget_analytic_views.xml:6,,1,0,0,Sale del SGI (módulo propio) y se corrige,D-018 A-013,
quimibond_sgi,sgi_measure_split_view_list,sgi.indicator.measure.split,list,addons/quimibond_sgi/views/sgi_business_line_views.xml:6,Desglose de mediciones,13,1,0,Se queda,,
quimibond_sgi,sgi_measure_split_view_pivot,sgi.indicator.measure.split,pivot,addons/quimibond_sgi/views/sgi_business_line_views.xml:37,Desglose de mediciones,3,0,0,Se queda,,
quimibond_sgi,sgi_measure_split_view_graph,sgi.indicator.measure.split,graph,addons/quimibond_sgi/views/sgi_business_line_views.xml:49,Desglose de mediciones,3,0,0,Se queda,,
quimibond_sgi,sgi_measure_split_view_search,sgi.indicator.measure.split,search,addons/quimibond_sgi/views/sgi_business_line_views.xml:61,Desglose de mediciones,2,0,1,Se queda,,
quimibond_sgi,sgi_calibration_view_form,sgi.calibration,form,addons/quimibond_sgi/views/sgi_calibration_views.xml:4,Calibración,11,0,0,Se queda,,
quimibond_sgi,sgi_calibration_view_list,sgi.calibration,list,addons/quimibond_sgi/views/sgi_calibration_views.xml:48,Calibraciones,7,0,0,Se queda,,
quimibond_sgi,sgi_calibration_view_search,sgi.calibration,search,addons/quimibond_sgi/views/sgi_calibration_views.xml:65,Calibraciones,3,0,1,Se queda,,
quimibond_sgi,sgi_equipment_view_form,maintenance.equipment,herencia de maintenance.hr_equipment_view_form,addons/quimibond_sgi/views/sgi_calibration_views.xml:95,,1,1,0,Se corrige,D-001,
quimibond_sgi,sgi_equipment_view_list_sgi,maintenance.equipment,herencia de maintenance.hr_equipment_view_tree,addons/quimibond_sgi/views/sgi_calibration_views.xml:138,,3,0,0,Se queda,,
quimibond_sgi,sgi_activity_role_view_list,sgi.activity.role,list,addons/quimibond_sgi/views/sgi_catalog_views.xml:4,Roles en actividades,11,0,0,Se queda,,
quimibond_sgi,sgi_activity_role_view_search,sgi.activity.role,search,addons/quimibond_sgi/views/sgi_catalog_views.xml:31,Roles en actividades,6,0,0,Se queda,,
quimibond_sgi,sgi_deliverable_view_list,sgi.deliverable,list,addons/quimibond_sgi/views/sgi_catalog_views.xml:61,Entregables,8,0,0,Se queda,,
quimibond_sgi,sgi_deliverable_view_form,sgi.deliverable,form,addons/quimibond_sgi/views/sgi_catalog_views.xml:79,Entregable,20,1,1,Se corrige,D-016,
quimibond_sgi,sgi_deliverable_view_search,sgi.deliverable,search,addons/quimibond_sgi/views/sgi_catalog_views.xml:146,Entregables,3,0,0,Se queda,,
quimibond_sgi,sgi_job_family_view_list,sgi.job.family,list,addons/quimibond_sgi/views/sgi_catalog_views.xml:167,Familias de puestos,5,0,0,Se corrige,D-014,
quimibond_sgi,sgi_job_family_view_form,sgi.job.family,form,addons/quimibond_sgi/views/sgi_catalog_views.xml:183,Familia de puestos,9,0,0,Se queda,,
quimibond_sgi,sgi_activity_exec_stat_view_list,sgi.activity.exec.stat,list,addons/quimibond_sgi/views/sgi_catalog_views.xml:230,Ejecuciones,12,0,0,Se queda,,
quimibond_sgi,sgi_activity_exec_stat_view_pivot,sgi.activity.exec.stat,pivot,addons/quimibond_sgi/views/sgi_catalog_views.xml:256,Quién hace qué,4,0,1,Se queda,,
quimibond_sgi,sgi_activity_exec_stat_view_search,sgi.activity.exec.stat,search,addons/quimibond_sgi/views/sgi_catalog_views.xml:269,Ejecuciones,8,0,1,Se queda,,
quimibond_sgi,sgi_activity_method_view_pivot,sgi.process.activity,pivot,addons/quimibond_sgi/views/sgi_catalog_views.xml:323,Actividades por método de medición,2,0,1,Se queda,,
quimibond_sgi,sgi_catalog_load_wizard_view_form,sgi.catalog.load.wizard,form,addons/quimibond_sgi/views/sgi_catalog_views.xml:347,Cargar catálogo,13,3,0,Se queda,,
quimibond_sgi,sgi_document_type_view_list,sgi.document.type,list,addons/quimibond_sgi/views/sgi_catalog_views.xml:431,Tipos de documento,9,0,0,Se corrige,D-014,
quimibond_sgi,sgi_hr_job_view_form_roles,hr.job,herencia de quimibond_sgi.sgi_hr_job_view_form,addons/quimibond_sgi/views/sgi_catalog_views.xml:461,,1,1,1,Se corrige,D-019 A-008,
quimibond_sgi,sgi_coa_res_partner_view_form,res.partner,herencia de base.view_partner_form,addons/quimibond_sgi/views/sgi_coa_views.xml:6,,4,0,0,Se corrige,D-018,
quimibond_sgi,sgi_coa_stock_picking_view_form,stock.picking,herencia de stock.view_picking_form,addons/quimibond_sgi/views/sgi_coa_views.xml:29,,0,1,0,Se corrige,D-019,
quimibond_sgi,sgi_coa_stock_picking_view_search,stock.picking,herencia de stock.view_picking_internal_search,addons/quimibond_sgi/views/sgi_coa_views.xml:71,,0,0,0,Se queda,,
quimibond_sgi,sgi_coa_sale_order_view_form,sale.order,herencia de sale.view_order_form,addons/quimibond_sgi/views/sgi_coa_views.xml:84,,1,1,0,Se queda,,
quimibond_sgi,sgi_coa_sale_order_view_list,sale.order,herencia de sale.view_order_tree,addons/quimibond_sgi/views/sgi_coa_views.xml:105,,1,0,0,Se queda,,
quimibond_sgi,sgi_coa_sale_order_view_search,sale.order,herencia de sale.view_sales_order_filter,addons/quimibond_sgi/views/sgi_coa_views.xml:118,,0,0,0,Se queda,,
quimibond_sgi,sgi_coa_attach_wizard_view_form,sgi.coa.attach.wizard,form,addons/quimibond_sgi/views/sgi_coa_views.xml:131,Adjuntar COA,4,2,0,Se queda,,
quimibond_sgi,sgi_coa_exception_wizard_view_form,sgi.coa.exception.wizard,form,addons/quimibond_sgi/views/sgi_coa_views.xml:152,Validar sin COA,2,2,0,Se queda,,
quimibond_sgi,sgi_coa_inbox_view_list,sgi.coa.inbox,list,addons/quimibond_sgi/views/sgi_coa_views.xml:173,,5,0,0,Se queda,,
quimibond_sgi,sgi_coa_inbox_view_form,sgi.coa.inbox,form,addons/quimibond_sgi/views/sgi_coa_views.xml:187,,6,1,0,Se queda,,
quimibond_sgi,sgi_coa_inbox_view_search,sgi.coa.inbox,search,addons/quimibond_sgi/views/sgi_coa_views.xml:211,,2,0,1,Se queda,,
quimibond_sgi,sgi_competence_gap_view_list,sgi.competence.gap,list,addons/quimibond_sgi/views/sgi_competence_views.xml:4,Brechas de competencia,8,0,0,Se queda,,
quimibond_sgi,sgi_competence_gap_view_pivot,sgi.competence.gap,pivot,addons/quimibond_sgi/views/sgi_competence_views.xml:22,Brechas por departamento,3,0,0,Se queda,,
quimibond_sgi,sgi_competence_gap_view_search,sgi.competence.gap,search,addons/quimibond_sgi/views/sgi_competence_views.xml:34,Brechas de competencia,3,0,1,Se queda,,
quimibond_sgi,sgi_employee_view_form_competence,hr.employee,herencia de hr.view_employee_form,addons/quimibond_sgi/views/sgi_competence_views.xml:68,,1,1,0,Se corrige,D-001 D-019,
quimibond_sgi,sgi_helpdesk_ticket_view_form,helpdesk.ticket,herencia de helpdesk.helpdesk_ticket_view_form,addons/quimibond_sgi/views/sgi_complaint_views.xml:3,,0,1,0,Se corrige,D-007 D-009 D-010,
quimibond_sgi,sgi_interested_party_view_list,sgi.interested.party,list,addons/quimibond_sgi/views/sgi_context_views.xml:3,Partes interesadas,6,0,0,Se queda,,
quimibond_sgi,sgi_interested_party_view_form,sgi.interested.party,form,addons/quimibond_sgi/views/sgi_context_views.xml:18,Parte interesada,12,1,0,Se queda,,
quimibond_sgi,sgi_interested_party_view_search,sgi.interested.party,search,addons/quimibond_sgi/views/sgi_context_views.xml:63,Partes interesadas,1,0,0,Se corrige,D-014,
quimibond_sgi,sgi_control_plan_view_form,sgi.control.plan,form,addons/quimibond_sgi/views/sgi_control_plan_views.xml:4,Plan de control,19,6,1,Se corrige,D-009,
quimibond_sgi,sgi_control_plan_view_list,sgi.control.plan,list,addons/quimibond_sgi/views/sgi_control_plan_views.xml:73,Planes de control,7,0,0,Se queda,,
quimibond_sgi,sgi_control_plan_view_search,sgi.control.plan,search,addons/quimibond_sgi/views/sgi_control_plan_views.xml:91,Planes de control,3,0,1,Se queda,,
quimibond_sgi,sgi_quality_point_view_form,quality.point,herencia de quality.quality_point_view_form,addons/quimibond_sgi/views/sgi_control_plan_views.xml:124,,1,1,0,Se queda,,
quimibond_sgi,sgi_stock_lot_view_form,stock.lot,herencia de stock.view_production_lot_form,addons/quimibond_sgi/views/sgi_control_plan_views.xml:156,,0,2,0,Se queda,,
quimibond_sgi,sgi_quality_alert_view_pivot,quality.alert,pivot,addons/quimibond_sgi/views/sgi_dashboard_views.xml:9,Alertas de calidad,2,0,0,Se elimina,D-012,
quimibond_sgi,sgi_quality_alert_view_graph,quality.alert,graph,addons/quimibond_sgi/views/sgi_dashboard_views.xml:20,Alertas de calidad,1,0,0,Se elimina,D-012,
quimibond_sgi,sgi_project_view_form_dev_request,project.project,herencia de project.edit_project,addons/quimibond_sgi/views/sgi_dev_request_views.xml:5,,28,2,0,Se queda,,
quimibond_sgi,sgi_diagnostic_line_view_list,sgi.diagnostic.line,list,addons/quimibond_sgi/views/sgi_diagnostic_views.xml:6,Diagnóstico del SGI,6,0,0,Se queda,,
quimibond_sgi,sgi_diagnostic_line_view_form,sgi.diagnostic.line,form,addons/quimibond_sgi/views/sgi_diagnostic_views.xml:25,Hallazgo,5,0,0,Se queda,,
quimibond_sgi,sgi_diagnostic_line_view_search,sgi.diagnostic.line,search,addons/quimibond_sgi/views/sgi_diagnostic_views.xml:46,Diagnóstico del SGI,3,0,1,Se queda,,
quimibond_sgi,sgi_process_view_sgi_diagram,sgi.process,sgi_diagram,addons/quimibond_sgi/views/sgi_diagram_views.xml:8,,0,0,0,Se queda,,
quimibond_sgi,sgi_process_activity_view_sgi_diagram,sgi.process.activity,sgi_diagram,addons/quimibond_sgi/views/sgi_diagram_views.xml:16,,0,0,0,Se queda,,
quimibond_sgi,sgi_risk_view_sgi_diagram,sgi.risk,sgi_diagram,addons/quimibond_sgi/views/sgi_diagram_views.xml:24,,0,0,0,Se queda,,
quimibond_sgi,sgi_legal_requirement_view_sgi_diagram,sgi.legal.requirement,sgi_diagram,addons/quimibond_sgi/views/sgi_diagram_views.xml:32,,0,0,0,Se queda,,
quimibond_sgi,sgi_interested_party_view_sgi_diagram,sgi.interested.party,sgi_diagram,addons/quimibond_sgi/views/sgi_diagram_views.xml:40,,0,0,0,Se queda,,
quimibond_sgi,sgi_objective_view_sgi_diagram,sgi.objective,sgi_diagram,addons/quimibond_sgi/views/sgi_diagram_views.xml:48,,0,0,0,Se queda,,
quimibond_sgi,sgi_indicator_view_sgi_diagram,sgi.indicator,sgi_diagram,addons/quimibond_sgi/views/sgi_diagram_views.xml:56,,0,0,0,Se queda,,
quimibond_sgi,sgi_policy_view_sgi_diagram,sgi.policy,sgi_diagram,addons/quimibond_sgi/views/sgi_diagram_views.xml:64,,0,0,0,Se queda,,
quimibond_sgi,sgi_management_review_view_sgi_diagram,sgi.management.review,sgi_diagram,addons/quimibond_sgi/views/sgi_diagram_views.xml:72,,0,0,0,Se queda,,
quimibond_sgi,quality_alert_view_sgi_diagram,quality.alert,sgi_diagram,addons/quimibond_sgi/views/sgi_diagram_views.xml:80,,0,0,0,Se queda,,
quimibond_sgi,sgi_audit_program_view_sgi_diagram,sgi.audit.program,sgi_diagram,addons/quimibond_sgi/views/sgi_diagram_views.xml:88,,0,0,0,Se queda,,
quimibond_sgi,sgi_emergency_plan_view_sgi_diagram,sgi.emergency.plan,sgi_diagram,addons/quimibond_sgi/views/sgi_diagram_views.xml:96,,0,0,0,Se queda,,
quimibond_sgi,maintenance_equipment_view_sgi_diagram,maintenance.equipment,sgi_diagram,addons/quimibond_sgi/views/sgi_diagram_views.xml:104,,0,0,0,Se queda,,
quimibond_sgi,documents_document_view_sgi_diagram,documents.document,sgi_diagram,addons/quimibond_sgi/views/sgi_diagram_views.xml:112,,0,0,0,Se queda,,
quimibond_sgi,sgi_competence_gap_view_sgi_diagram,sgi.competence.gap,sgi_diagram,addons/quimibond_sgi/views/sgi_diagram_views.xml:120,,0,0,0,Se queda,,
quimibond_sgi,sgi_activity_exec_stat_view_sgi_diagram,sgi.activity.exec.stat,sgi_diagram,addons/quimibond_sgi/views/sgi_diagram_views.xml:128,,0,0,0,Se queda,,
quimibond_sgi,hr_job_view_sgi_diagram,hr.job,sgi_diagram,addons/quimibond_sgi/views/sgi_diagram_views.xml:136,,0,0,0,Se queda,,
quimibond_sgi,sgi_direction_board_view_form,sgi.direction.board,form,addons/quimibond_sgi/views/sgi_direction_board_views.xml:4,Tablero de dirección,38,1,0,Se queda,,
quimibond_sgi,sgi_indicator_view_form_level,sgi.indicator,herencia de quimibond_sgi.sgi_indicator_view_form,addons/quimibond_sgi/views/sgi_direction_board_views.xml:109,,2,0,0,Se corrige,A-008,
quimibond_sgi,sgi_approval_request_view_form,approval.request,herencia de approvals.approval_request_view_form,addons/quimibond_sgi/views/sgi_doc_change_views.xml:3,,0,1,0,Se queda,,
quimibond_sgi,sgi_approval_category_view_form,approval.category,herencia de approvals.approval_category_view_form,addons/quimibond_sgi/views/sgi_doc_change_views.xml:93,,3,0,0,Se queda,,
quimibond_sgi,sgi_doc_change_view_list,approval.request,list,addons/quimibond_sgi/views/sgi_doc_change_views.xml:110,Cambios documentales,9,0,1,Se queda,,
quimibond_sgi,sgi_doc_change_view_search,approval.request,search,addons/quimibond_sgi/views/sgi_doc_change_views.xml:133,Cambios documentales,3,0,1,Se queda,,
quimibond_sgi,sgi_document_view_form,documents.document,form,addons/quimibond_sgi/views/sgi_document_views.xml:4,Documento controlado SGI,62,7,11,Se corrige,D-002 D-003 D-016 D-017,
quimibond_sgi,sgi_document_view_list,documents.document,list,addons/quimibond_sgi/views/sgi_document_views.xml:218,Documentos SGI,13,2,5,Se corrige,D-002,
quimibond_sgi,sgi_document_view_search,documents.document,search,addons/quimibond_sgi/views/sgi_document_views.xml:252,Documentos SGI,6,0,2,Se queda,,
quimibond_sgi,sgi_document_ack_view_list,sgi.document.ack,list,addons/quimibond_sgi/views/sgi_document_views.xml:298,Acuses de lectura,5,2,0,Se queda,,
quimibond_sgi,sgi_document_ack_view_form,sgi.document.ack,form,addons/quimibond_sgi/views/sgi_document_views.xml:316,Acuse de lectura,4,2,0,Se queda,,
quimibond_sgi,sgi_document_ack_view_search,sgi.document.ack,search,addons/quimibond_sgi/views/sgi_document_views.xml:342,Acuses de lectura,3,0,1,Se queda,,
quimibond_sgi,sgi_migration_view_list,documents.document,list,addons/quimibond_sgi/views/sgi_document_views.xml:392,Migración de formatos,9,2,1,Se queda,,
quimibond_sgi,sgi_migration_view_kanban,documents.document,kanban,addons/quimibond_sgi/views/sgi_document_views.xml:423,Migración de formatos,7,0,1,Se queda,,
quimibond_sgi,sgi_migration_view_search,documents.document,search,addons/quimibond_sgi/views/sgi_document_views.xml:449,Migración de formatos,3,0,1,Se queda,,
quimibond_sgi,sgi_emergency_plan_view_form,sgi.emergency.plan,form,addons/quimibond_sgi/views/sgi_emergency_views.xml:4,Plan de emergencia,12,4,0,Se corrige,D-009,
quimibond_sgi,sgi_emergency_plan_view_list,sgi.emergency.plan,list,addons/quimibond_sgi/views/sgi_emergency_views.xml:52,Planes de emergencia,8,0,0,Se queda,,
quimibond_sgi,sgi_emergency_plan_view_search,sgi.emergency.plan,search,addons/quimibond_sgi/views/sgi_emergency_views.xml:72,Planes de emergencia,2,0,1,Se queda,,
quimibond_sgi,sgi_emergency_plan_view_activity,sgi.emergency.plan,activity,addons/quimibond_sgi/views/sgi_emergency_views.xml:88,Planes de emergencia,1,0,0,Se queda,,
quimibond_sgi,sgi_emergency_drill_view_form,sgi.emergency.drill,form,addons/quimibond_sgi/views/sgi_emergency_views.xml:114,Simulacro,18,3,0,Se corrige,D-008 D-009,sin confirm: action_set_cancelado
quimibond_sgi,sgi_emergency_drill_view_list,sgi.emergency.drill,list,addons/quimibond_sgi/views/sgi_emergency_views.xml:176,Simulacros,7,0,0,Se queda,,
quimibond_sgi,sgi_emergency_drill_view_search,sgi.emergency.drill,search,addons/quimibond_sgi/views/sgi_emergency_views.xml:197,Simulacros,2,0,1,Se queda,,
quimibond_sgi,sgi_epp_delivery_view_form,sgi.epp.delivery,form,addons/quimibond_sgi/views/sgi_epp_views.xml:6,Responsiva de EPP,19,3,0,Se queda,,
quimibond_sgi,sgi_epp_delivery_view_list,sgi.epp.delivery,list,addons/quimibond_sgi/views/sgi_epp_views.xml:66,Responsivas de EPP,8,1,0,Se queda,,
quimibond_sgi,sgi_epp_delivery_view_search,sgi.epp.delivery,search,addons/quimibond_sgi/views/sgi_epp_views.xml:85,Responsivas de EPP,4,0,1,Se queda,,
quimibond_sgi,sgi_hr_employee_view_form_epp,hr.employee,herencia de hr.view_employee_form,addons/quimibond_sgi/views/sgi_epp_views.xml:120,,1,1,0,Se corrige,D-001 D-019,
quimibond_sgi,sgi_external_doc_view_list,documents.document,list,addons/quimibond_sgi/views/sgi_external_doc_views.xml:5,Documentos externos,10,0,1,Se queda,,
quimibond_sgi,sgi_external_doc_view_search,documents.document,search,addons/quimibond_sgi/views/sgi_external_doc_views.xml:29,Documentos externos,4,0,1,Se queda,,
quimibond_sgi,sgi_fmea_view_form,sgi.fmea,form,addons/quimibond_sgi/views/sgi_fmea_views.xml:3,AMEF,47,4,1,Sale del SGI (módulo propio) y se corrige,D-009 A-018,
quimibond_sgi,sgi_fmea_view_list,sgi.fmea,list,addons/quimibond_sgi/views/sgi_fmea_views.xml:119,AMEF,7,0,0,Sale del SGI (módulo propio),A-018,
quimibond_sgi,sgi_fmea_view_search,sgi.fmea,search,addons/quimibond_sgi/views/sgi_fmea_views.xml:137,AMEF,4,0,1,Sale del SGI (módulo propio),A-018,
quimibond_sgi,sgi_fmea_view_activity,sgi.fmea,activity,addons/quimibond_sgi/views/sgi_fmea_views.xml:171,AMEF,1,0,0,Sale del SGI (módulo propio),A-018,
quimibond_sgi,sgi_format_map_view_list,sgi.format.map,list,addons/quimibond_sgi/views/sgi_format_map_views.xml:5,,5,0,0,Se corrige,D-014,
quimibond_sgi,sgi_format_map_view_form,sgi.format.map,form,addons/quimibond_sgi/views/sgi_format_map_views.xml:19,Formato SGI en documento de Odoo,5,0,0,Se queda,,
quimibond_sgi,sgi_format_banner_sale_order,sale.order,herencia de sale.view_order_form,addons/quimibond_sgi/views/sgi_format_map_views.xml:59,,1,0,0,Se queda,,
quimibond_sgi,sgi_format_banner_purchase_order,purchase.order,herencia de purchase.purchase_order_form,addons/quimibond_sgi/views/sgi_format_map_views.xml:74,,1,0,0,Se queda,,
quimibond_sgi,sgi_format_banner_stock_picking,stock.picking,herencia de stock.view_picking_form,addons/quimibond_sgi/views/sgi_format_map_views.xml:89,,1,0,0,Se corrige,D-019,
quimibond_sgi,sgi_format_banner_mrp_production,mrp.production,herencia de mrp.mrp_production_form_view,addons/quimibond_sgi/views/sgi_format_map_views.xml:104,,1,0,0,Se queda,,
quimibond_sgi,sgi_format_banner_maintenance_request,maintenance.request,herencia de maintenance.hr_equipment_request_view_form,addons/quimibond_sgi/views/sgi_format_map_views.xml:119,,1,0,0,Se queda,,
quimibond_sgi,sgi_format_banner_quality_alert,quality.alert,herencia de quality_control.quality_alert_view_form,addons/quimibond_sgi/views/sgi_format_map_views.xml:134,,1,0,0,Se queda,,
quimibond_sgi,sgi_format_banner_stock_lot,stock.lot,herencia de stock.view_production_lot_form,addons/quimibond_sgi/views/sgi_format_map_views.xml:149,,1,0,0,Se queda,,
quimibond_sgi,sgi_format_banner_mgmt_review,sgi.management.review,herencia de sgi_management_review_view_form,addons/quimibond_sgi/views/sgi_format_map_views.xml:164,,1,0,0,Se corrige,A-008,
quimibond_sgi,sgi_process_view_hierarchy,sgi.process,hierarchy,addons/quimibond_sgi/views/sgi_hierarchy_views.xml:7,,10,0,0,Se queda,,
quimibond_sgi,sgi_process_activity_view_hierarchy,sgi.process.activity,hierarchy,addons/quimibond_sgi/views/sgi_hierarchy_views.xml:54,,9,0,0,Se queda,,
quimibond_sgi,sgi_health_record_view_list,sgi.health.record,list,addons/quimibond_sgi/views/sgi_hse_views.xml:9,Estudios y exámenes,8,0,0,Se corrige,D-022,
quimibond_sgi,sgi_health_record_view_form,sgi.health.record,form,addons/quimibond_sgi/views/sgi_hse_views.xml:30,Estudio o examen,13,0,0,Se corrige,D-022,
quimibond_sgi,sgi_health_record_view_search,sgi.health.record,search,addons/quimibond_sgi/views/sgi_hse_views.xml:68,Estudios y exámenes,3,0,1,Se corrige,D-022,
quimibond_sgi,sgi_hr_employee_view_form_health,hr.employee,herencia de hr.view_employee_form,addons/quimibond_sgi/views/sgi_hse_views.xml:102,,7,0,0,Se corrige,D-019 D-022,
quimibond_sgi,sgi_csh_inspection_view_list,sgi.csh.inspection,list,addons/quimibond_sgi/views/sgi_hse_views.xml:126,Recorridos de la Comisión,6,0,0,Se corrige,D-014,
quimibond_sgi,sgi_csh_inspection_view_form,sgi.csh.inspection,form,addons/quimibond_sgi/views/sgi_hse_views.xml:141,Recorrido de la Comisión de Seguridad e Higiene,18,4,0,Se corrige,D-008 D-009,sin confirm: action_close
quimibond_sgi,sgi_checklist_template_view_list,sgi.checklist.template,list,addons/quimibond_sgi/views/sgi_hse_views.xml:209,Checklists de mantenimiento,6,0,0,Se corrige,D-014,
quimibond_sgi,sgi_checklist_template_view_form,sgi.checklist.template,form,addons/quimibond_sgi/views/sgi_hse_views.xml:224,Checklist de mantenimiento,13,1,0,Se queda,,
quimibond_sgi,sgi_checklist_request_view_list,maintenance.request,list,addons/quimibond_sgi/views/sgi_hse_views.xml:278,Hojas de checklist,7,0,2,Se queda,,
quimibond_sgi,sgi_checklist_request_view_pivot,maintenance.request,pivot,addons/quimibond_sgi/views/sgi_hse_views.xml:298,Checklists por persona,2,0,1,Se queda,,
quimibond_sgi,sgi_maintenance_request_view_form_checklist,maintenance.request,herencia de maintenance.hr_equipment_request_view_form,addons/quimibond_sgi/views/sgi_hse_views.xml:337,,12,2,0,Se queda,,
quimibond_sgi,sgi_checklist_finish_view_form,sgi.checklist.finish,form,addons/quimibond_sgi/views/sgi_hse_views.xml:377,Terminar checklist,4,2,0,Se queda,,
quimibond_sgi,sgi_project_task_view_form,project.task,herencia de project.view_task_form2,addons/quimibond_sgi/views/sgi_improvement_views.xml:3,,4,0,0,Se corrige,D-007 D-010,
quimibond_sgi,sgi_incident_view_form,sgi.incident,form,addons/quimibond_sgi/views/sgi_incident_views.xml:3,Incidente SST,26,4,0,Se corrige,D-007 D-009,
quimibond_sgi,sgi_incident_view_list,sgi.incident,list,addons/quimibond_sgi/views/sgi_incident_views.xml:81,Incidentes SST,8,0,0,Se queda,,
quimibond_sgi,sgi_incident_view_search,sgi.incident,search,addons/quimibond_sgi/views/sgi_incident_views.xml:100,Incidentes SST,3,0,1,Se queda,,
quimibond_sgi,sgi_incident_view_pivot,sgi.incident,pivot,addons/quimibond_sgi/views/sgi_incident_views.xml:125,Incidentes SST,2,0,0,Se queda,,
quimibond_sgi,sgi_incident_view_activity,sgi.incident,activity,addons/quimibond_sgi/views/sgi_incident_views.xml:149,Incidentes SST,1,0,0,Se queda,,
quimibond_sgi,sgi_indicator_term_view_list,sgi.indicator.term,list,addons/quimibond_sgi/views/sgi_indicator_formula_views.xml:4,,12,0,0,Se queda,,
quimibond_sgi,sgi_indicator_view_form_formula,sgi.indicator,herencia de quimibond_sgi.sgi_indicator_view_form,addons/quimibond_sgi/views/sgi_indicator_formula_views.xml:32,,4,0,0,Se corrige,D-018 A-008,
quimibond_sgi,sgi_measure_view_form_formula,sgi.indicator.measure,herencia de quimibond_sgi.sgi_measure_view_form,addons/quimibond_sgi/views/sgi_indicator_formula_views.xml:62,,3,0,0,Se corrige,A-008,
quimibond_sgi,sgi_measure_view_form_plan,sgi.indicator.measure,herencia de quimibond_sgi.sgi_measure_view_form,addons/quimibond_sgi/views/sgi_indicator_plan_views.xml:3,,2,0,0,Se corrige,A-008,
quimibond_sgi,sgi_measure_view_list_plan,sgi.indicator.measure,herencia de quimibond_sgi.sgi_measure_view_list,addons/quimibond_sgi/views/sgi_indicator_plan_views.xml:41,,2,0,0,Se corrige,A-008,
quimibond_sgi,sgi_indicator_view_form_window,sgi.indicator,herencia de quimibond_sgi.sgi_indicator_view_form,addons/quimibond_sgi/views/sgi_indicator_plan_views.xml:57,,2,0,0,Se corrige,A-008,
quimibond_sgi,sgi_management_review_view_form_validate,sgi.management.review,herencia de quimibond_sgi.sgi_management_review_view_form,addons/quimibond_sgi/views/sgi_indicator_plan_views.xml:68,,0,1,0,Se corrige,A-008,
quimibond_sgi,sgi_indicator_view_form_trajectory,sgi.indicator,herencia de quimibond_sgi.sgi_indicator_view_form,addons/quimibond_sgi/views/sgi_indicator_trajectory_views.xml:3,,1,0,0,Se corrige,A-008,
quimibond_sgi,sgi_measure_view_form_trajectory,sgi.indicator.measure,herencia de quimibond_sgi.sgi_measure_view_form,addons/quimibond_sgi/views/sgi_indicator_trajectory_views.xml:55,,1,0,0,Se corrige,A-008,
quimibond_sgi,sgi_indicator_view_list,sgi.indicator,list,addons/quimibond_sgi/views/sgi_indicator_views.xml:4,Indicadores,17,0,0,Se queda,,
quimibond_sgi,sgi_indicator_view_form,sgi.indicator,form,addons/quimibond_sgi/views/sgi_indicator_views.xml:40,Indicador,47,6,4,Se queda,,
quimibond_sgi,sgi_indicator_view_search,sgi.indicator,search,addons/quimibond_sgi/views/sgi_indicator_views.xml:176,Indicadores,4,0,1,Se queda,,
quimibond_sgi,sgi_measure_view_list,sgi.indicator.measure,list,addons/quimibond_sgi/views/sgi_indicator_views.xml:227,Mediciones,14,3,1,Se queda,,
quimibond_sgi,sgi_measure_view_form,sgi.indicator.measure,form,addons/quimibond_sgi/views/sgi_indicator_views.xml:266,Medición,29,7,3,Se queda,,
quimibond_sgi,sgi_measure_view_graph,sgi.indicator.measure,graph,addons/quimibond_sgi/views/sgi_indicator_views.xml:367,Mediciones,3,0,0,Se queda,,
quimibond_sgi,sgi_measure_view_pivot,sgi.indicator.measure,pivot,addons/quimibond_sgi/views/sgi_indicator_views.xml:379,Mediciones,5,0,0,Se queda,,
quimibond_sgi,sgi_measure_view_search,sgi.indicator.measure,search,addons/quimibond_sgi/views/sgi_indicator_views.xml:393,Mediciones,1,0,1,Se queda,,
quimibond_sgi,sgi_indicator_view_activity,sgi.indicator,activity,addons/quimibond_sgi/views/sgi_indicator_views.xml:431,Indicadores,1,0,0,Se queda,,
quimibond_sgi,sgi_stock_picking_view_form,stock.picking,herencia de stock.view_picking_form,addons/quimibond_sgi/views/sgi_integration_views.xml:4,,1,1,2,Se corrige,D-001 D-019,
quimibond_sgi,sgi_mrp_production_view_form,mrp.production,herencia de mrp.mrp_production_form_view,addons/quimibond_sgi/views/sgi_integration_views.xml:25,,1,1,0,Se corrige,D-001,
quimibond_sgi,sgi_hr_employee_view_form,hr.employee,herencia de hr.view_employee_form,addons/quimibond_sgi/views/sgi_integration_views.xml:40,,2,2,1,Se corrige,D-001 D-019,
quimibond_sgi,sgi_hr_job_view_form,hr.job,herencia de hr.view_hr_job_form,addons/quimibond_sgi/views/sgi_integration_views.xml:59,,6,0,1,Se corrige,D-003 D-019,
quimibond_sgi,sgi_product_template_view_form_spec,product.template,herencia de product.product_template_form_view,addons/quimibond_sgi/views/sgi_integration_views.xml:97,,2,1,2,Se corrige,D-019,
quimibond_sgi,sgi_stock_picking_view_form_kpi,stock.picking,herencia de stock.view_picking_form,addons/quimibond_sgi/views/sgi_kpi_fields_views.xml:7,,4,0,0,Se corrige,D-019,
quimibond_sgi,sgi_quality_alert_view_form_kpi,quality.alert,herencia de quality_control.quality_alert_view_form,addons/quimibond_sgi/views/sgi_kpi_fields_views.xml:30,,1,0,0,Se queda,,
quimibond_sgi,sgi_account_move_view_form_kpi,account.move,herencia de account.view_move_form,addons/quimibond_sgi/views/sgi_kpi_fields_views.xml:46,,1,0,0,Se queda,,
quimibond_sgi,sgi_product_template_view_form_kpi,product.template,herencia de product.product_template_form_view,addons/quimibond_sgi/views/sgi_kpi_fields_views.xml:61,,1,0,0,Se corrige,D-019,
quimibond_sgi,sgi_lock_date_log_view_list,sgi.lock.date.log,list,addons/quimibond_sgi/views/sgi_kpi_fields_views.xml:73,,7,0,0,Sale del SGI (módulo propio),A-017,
quimibond_sgi,sgi_inventory_value_view_list,sgi.inventory.value,list,addons/quimibond_sgi/views/sgi_kpi_fields_views.xml:97,,6,0,0,Sale del SGI (módulo propio),A-017,
quimibond_sgi,sgi_legal_requirement_view_list,sgi.legal.requirement,list,addons/quimibond_sgi/views/sgi_legal_views.xml:3,Requisitos legales,10,0,0,Se queda,,
quimibond_sgi,sgi_legal_evaluate_view_form,sgi.legal.evaluate,form,addons/quimibond_sgi/views/sgi_legal_views.xml:29,Registrar evaluación de cumplimiento,4,2,0,Se queda,,
quimibond_sgi,sgi_legal_evaluation_view_list,sgi.legal.evaluation,list,addons/quimibond_sgi/views/sgi_legal_views.xml:48,Evaluaciones de cumplimiento,6,0,0,Se queda,,
quimibond_sgi,sgi_legal_requirement_view_form,sgi.legal.requirement,form,addons/quimibond_sgi/views/sgi_legal_views.xml:63,Requisito legal,25,7,0,Se queda,,
quimibond_sgi,sgi_legal_requirement_view_search,sgi.legal.requirement,search,addons/quimibond_sgi/views/sgi_legal_views.xml:148,Requisitos legales,3,0,0,Se corrige,D-014,
quimibond_sgi,sgi_fmea_view_form_links,sgi.fmea,herencia de quimibond_sgi.sgi_fmea_view_form,addons/quimibond_sgi/views/sgi_links_views.xml:6,,2,0,0,Sale del SGI (módulo propio),A-008 A-018,
quimibond_sgi,sgi_control_plan_view_form_links,sgi.control.plan,herencia de quimibond_sgi.sgi_control_plan_view_form,addons/quimibond_sgi/views/sgi_links_views.xml:16,,2,0,0,Se corrige,A-008,
quimibond_sgi,sgi_ppap_view_form_links,sgi.ppap,herencia de quimibond_sgi.sgi_ppap_view_form,addons/quimibond_sgi/views/sgi_links_views.xml:26,,2,0,0,Sale del SGI (módulo propio),A-008 A-018,
quimibond_sgi,sgi_mrp_bom_view_form_links,mrp.bom,herencia de mrp.mrp_bom_form_view,addons/quimibond_sgi/views/sgi_links_views.xml:36,,1,0,0,Se queda,,
quimibond_sgi,sgi_mrp_production_view_form_links,mrp.production,herencia de mrp.mrp_production_form_view,addons/quimibond_sgi/views/sgi_links_views.xml:50,,5,0,0,Se queda,,
quimibond_sgi,sgi_product_template_view_form_links,product.template,herencia de quimibond_sgi.sgi_product_template_view_form_spec,addons/quimibond_sgi/views/sgi_links_views.xml:71,,2,0,0,Se corrige,D-019 A-008,
quimibond_sgi,sgi_project_task_view_form_links,project.task,herencia de project.view_task_form2,addons/quimibond_sgi/views/sgi_links_views.xml:81,,20,0,0,Se queda,,
quimibond_sgi,sgi_quality_alert_view_form_links,quality.alert,herencia de quimibond_sgi.sgi_quality_alert_view_form,addons/quimibond_sgi/views/sgi_links_views.xml:120,,2,0,0,Se corrige,D-020 A-008,
quimibond_sgi,sgi_purchase_order_view_form_links,purchase.order,herencia de purchase.purchase_order_form,addons/quimibond_sgi/views/sgi_links_views.xml:132,,1,0,0,Se queda,,
quimibond_sgi,sgi_account_move_view_form_links,account.move,herencia de account.view_move_form,addons/quimibond_sgi/views/sgi_links_views.xml:148,,1,0,0,Se queda,,
quimibond_sgi,sgi_stock_picking_view_form_links,stock.picking,herencia de quimibond_sgi.sgi_stock_picking_view_form,addons/quimibond_sgi/views/sgi_links_views.xml:164,,1,1,0,Se corrige,D-019 A-008,
quimibond_sgi,sgi_acuse_attach_wizard_view_form,sgi.acuse.attach.wizard,form,addons/quimibond_sgi/views/sgi_links_views.xml:184,Adjuntar acuse firmado,4,2,0,Se queda,,
quimibond_sgi,sgi_res_partner_view_form_links,res.partner,herencia de quimibond_sgi.sgi_res_partner_supplier_view_form,addons/quimibond_sgi/views/sgi_links_views.xml:204,,2,0,0,Se corrige,D-001 A-008,
quimibond_sgi,sgi_settings_view_form_links,res.config.settings,herencia de quimibond_sgi.res_config_settings_view_form_sgi,addons/quimibond_sgi/views/sgi_links_views.xml:214,,1,0,0,Se corrige,A-008,
quimibond_sgi,sgi_machine_sheet_view_form,sgi.machine.sheet,form,addons/quimibond_sgi/views/sgi_machine_sheet_views.xml:3,Ficha técnica de proceso por máquina,35,3,0,Se corrige,D-008,sin confirm: action_set_obsolete
quimibond_sgi,sgi_machine_sheet_view_list,sgi.machine.sheet,list,addons/quimibond_sgi/views/sgi_machine_sheet_views.xml:94,Fichas de proceso por máquina,7,0,0,Se queda,,
quimibond_sgi,sgi_machine_sheet_view_search,sgi.machine.sheet,search,addons/quimibond_sgi/views/sgi_machine_sheet_views.xml:110,Fichas de proceso por máquina,3,0,0,Se corrige,D-014,
quimibond_sgi,sgi_workcenter_view_form_machine_sheet,mrp.workcenter,herencia de mrp.mrp_workcenter_view,addons/quimibond_sgi/views/sgi_machine_sheet_views.xml:143,,0,1,0,Se queda,,
quimibond_sgi,sgi_management_review_view_form,sgi.management.review,form,addons/quimibond_sgi/views/sgi_management_review_views.xml:3,Revisión por la Dirección,42,4,2,Se corrige,D-008 D-009,sin confirm: action_close
quimibond_sgi,sgi_management_review_view_list,sgi.management.review,list,addons/quimibond_sgi/views/sgi_management_review_views.xml:116,Revisiones por la Dirección,5,0,0,Se corrige,D-014,
quimibond_sgi,sgi_purchase_order_form,purchase.order,herencia de purchase.purchase_order_form,addons/quimibond_sgi/views/sgi_map_hooks_views.xml:4,,1,1,0,Se corrige,D-001,
quimibond_sgi,sgi_maintenance_request_form,maintenance.request,herencia de maintenance.hr_equipment_request_view_form,addons/quimibond_sgi/views/sgi_map_hooks_views.xml:19,,0,2,0,Se queda,,
quimibond_sgi,sgi_activity_change_view_form,sgi.activity.change,form,addons/quimibond_sgi/views/sgi_mp_change_views.xml:5,Proponer cambio a mi procedimiento,37,2,0,Se queda,,
quimibond_sgi,sgi_approval_request_view_form_mp_change,approval.request,herencia de approvals.approval_request_view_form,addons/quimibond_sgi/views/sgi_mp_change_views.xml:106,,5,0,0,Se queda,,
quimibond_sgi,sgi_msa_study_view_form,sgi.msa.study,form,addons/quimibond_sgi/views/sgi_msa_views.xml:3,Estudio MSA,10,0,0,Sale del SGI (módulo propio),A-018,
quimibond_sgi,sgi_msa_study_view_list,sgi.msa.study,list,addons/quimibond_sgi/views/sgi_msa_views.xml:38,Estudios MSA,7,0,0,Sale del SGI (módulo propio),A-018,
quimibond_sgi,sgi_msa_study_view_search,sgi.msa.study,search,addons/quimibond_sgi/views/sgi_msa_views.xml:59,Estudios MSA,2,0,1,Sale del SGI (módulo propio),A-018,
quimibond_sgi,sgi_equipment_view_form_msa,maintenance.equipment,herencia de maintenance.hr_equipment_view_form,addons/quimibond_sgi/views/sgi_msa_views.xml:92,,1,1,0,Sale del SGI (módulo propio) y se corrige,D-001 A-018,
quimibond_sgi,sgi_my_pending_view_list,sgi.my.pending,list,addons/quimibond_sgi/views/sgi_my_pending_views.xml:4,Mis pendientes,7,1,1,Se queda,,
quimibond_sgi,sgi_my_pending_view_search,sgi.my.pending,search,addons/quimibond_sgi/views/sgi_my_pending_views.xml:26,Mis pendientes,3,0,1,Se queda,,
quimibond_sgi,sgi_hr_employee_view_form_mp_tab,hr.employee,herencia de hr.view_employee_form,addons/quimibond_sgi/views/sgi_my_procedure_tab_views.xml:8,,23,7,0,Se corrige,D-002 D-019,
quimibond_sgi,sgi_hr_employee_public_view_form_mp_tab,hr.employee.public,herencia de hr.hr_employee_public_view_form,addons/quimibond_sgi/views/sgi_my_procedure_tab_views.xml:81,,22,7,0,Se corrige,D-002,
quimibond_sgi,sgi_hr_job_view_form_mp_tab,hr.job,herencia de hr.view_hr_job_form,addons/quimibond_sgi/views/sgi_my_procedure_tab_views.xml:152,,10,3,0,Se corrige,D-019,
quimibond_sgi,sgi_activity_role_view_kanban_mp,sgi.activity.role,kanban,addons/quimibond_sgi/views/sgi_my_procedure_views.xml:9,,23,4,4,Se queda,,
quimibond_sgi,sgi_activity_role_view_list_mp_embedded,sgi.activity.role,list,addons/quimibond_sgi/views/sgi_my_procedure_views.xml:95,,9,4,4,Se queda,,
quimibond_sgi,sgi_activity_role_view_list_mp_received,sgi.activity.role,list,addons/quimibond_sgi/views/sgi_my_procedure_views.xml:127,,4,1,4,Se queda,,
quimibond_sgi,sgi_activity_role_view_list_mp_short,sgi.activity.role,list,addons/quimibond_sgi/views/sgi_my_procedure_views.xml:142,,5,1,4,Se queda,,
quimibond_sgi,sgi_my_procedure_view_form,sgi.my.procedure,form,addons/quimibond_sgi/views/sgi_my_procedure_views.xml:158,Mi procedimiento,55,14,0,Se corrige,D-002,
quimibond_sgi,sgi_my_procedure_check_view_form,sgi.my.procedure.check,form,addons/quimibond_sgi/views/sgi_my_procedure_views.xml:356,Revisión previa a publicar,17,1,0,Se queda,,
quimibond_sgi,sgi_activity_role_view_list_my_procedure,sgi.activity.role,list,addons/quimibond_sgi/views/sgi_my_procedure_views.xml:415,Mis actividades,11,4,3,Se queda,,
quimibond_sgi,sgi_hr_job_view_form_my_procedure,hr.job,herencia de quimibond_sgi.sgi_hr_job_view_form_roles,addons/quimibond_sgi/views/sgi_my_procedure_views.xml:453,,2,4,0,Se corrige,D-019 A-008,
quimibond_sgi,sgi_hr_employee_view_form_my_procedure,hr.employee,herencia de quimibond_sgi.sgi_hr_employee_view_form,addons/quimibond_sgi/views/sgi_my_procedure_views.xml:485,,1,1,0,Se corrige,D-019 A-008,
quimibond_sgi,sgi_process_activity_view_search_my_procedure,sgi.process.activity,herencia de quimibond_sgi.sgi_process_activity_view_search,addons/quimibond_sgi/views/sgi_my_procedure_views.xml:504,,0,0,0,Se corrige,A-008,
quimibond_sgi,sgi_my_team_view_list,hr.employee.public,list,addons/quimibond_sgi/views/sgi_my_procedure_views.xml:516,Mi equipo,10,3,1,Se queda,,
quimibond_sgi,sgi_my_team_view_hierarchy,hr.employee.public,hierarchy,addons/quimibond_sgi/views/sgi_my_procedure_views.xml:553,,16,0,1,Se queda,,
quimibond_sgi,sgi_my_team_view_search,hr.employee.public,search,addons/quimibond_sgi/views/sgi_my_procedure_views.xml:602,Mi equipo,4,0,1,Se queda,,
quimibond_sgi,sgi_quality_alert_view_form,quality.alert,herencia de quality_control.quality_alert_view_form,addons/quimibond_sgi/views/sgi_nonconformity_views.xml:4,,0,3,2,Se corrige,D-007 D-020 D-021,
quimibond_sgi,sgi_nc_view_search,quality.alert,search,addons/quimibond_sgi/views/sgi_nonconformity_views.xml:194,No Conformidades,4,0,1,Se corrige,D-003,
quimibond_sgi,sgi_nc_view_pivot,quality.alert,pivot,addons/quimibond_sgi/views/sgi_nonconformity_views.xml:264,Análisis de NC,2,0,0,Se elimina,D-012,
quimibond_sgi,sgi_nc_view_graph,quality.alert,graph,addons/quimibond_sgi/views/sgi_nonconformity_views.xml:275,NC por mes,2,0,0,Se elimina,D-012,
quimibond_sgi,sgi_nc_cancel_view_form,sgi.nc.cancel,form,addons/quimibond_sgi/views/sgi_nonconformity_views.xml:287,Cancelar No Conformidad,3,3,0,Se queda,,
quimibond_sgi,sgi_nc_force_close_view_form,sgi.nc.force.close,form,addons/quimibond_sgi/views/sgi_nonconformity_views.xml:315,Cierre forzado de No Conformidad,2,2,0,Se queda,,
quimibond_sgi,sgi_nc_view_activity,quality.alert,activity,addons/quimibond_sgi/views/sgi_nonconformity_views.xml:334,No Conformidades,1,0,0,Se queda,,
quimibond_sgi,sgi_nc_lessons_view_list,quality.alert,list,addons/quimibond_sgi/views/sgi_nonconformity_views.xml:351,Lecciones aprendidas,7,0,1,Se queda,,
quimibond_sgi,sgi_crm_team_view_form_complaint_days,crm.team,herencia de sales_team.crm_team_view_form,addons/quimibond_sgi/views/sgi_nonconformity_views.xml:381,,1,0,0,Se queda,,
quimibond_sgi,sgi_norm_view_form,sgi.norm,form,addons/quimibond_sgi/views/sgi_norm_views.xml:3,Norma,8,2,0,Se queda,,
quimibond_sgi,sgi_norm_view_list,sgi.norm,list,addons/quimibond_sgi/views/sgi_norm_views.xml:37,Normas,2,0,0,Se corrige,D-014,
quimibond_sgi,sgi_norm_clause_view_list,sgi.norm.clause,list,addons/quimibond_sgi/views/sgi_norm_views.xml:58,Cláusulas,6,0,0,Se queda,,
quimibond_sgi,sgi_norm_clause_view_form,sgi.norm.clause,form,addons/quimibond_sgi/views/sgi_norm_views.xml:75,Punto de la norma,12,1,0,Se queda,,
quimibond_sgi,sgi_norm_clause_view_search,sgi.norm.clause,search,addons/quimibond_sgi/views/sgi_norm_views.xml:121,Puntos de la norma,4,0,0,Se queda,,
quimibond_sgi,sgi_objective_view_list,sgi.objective,list,addons/quimibond_sgi/views/sgi_objective_views.xml:3,Objetivos Integrales,4,0,0,Se corrige,D-014,
quimibond_sgi,sgi_objective_view_form,sgi.objective,form,addons/quimibond_sgi/views/sgi_objective_views.xml:19,Objetivo Integral,16,1,0,Se queda,,
quimibond_sgi,sgi_policy_view_list,sgi.policy,list,addons/quimibond_sgi/views/sgi_policy_views.xml:3,Política integral,6,0,0,Se corrige,D-014,
quimibond_sgi,sgi_policy_view_form,sgi.policy,form,addons/quimibond_sgi/views/sgi_policy_views.xml:23,Política integral,13,5,0,Se queda,,
quimibond_sgi,sgi_ppap_view_form,sgi.ppap,form,addons/quimibond_sgi/views/sgi_ppap_views.xml:3,PPAP,19,5,1,Sale del SGI (módulo propio) y se corrige,D-008 D-009 A-018,sin confirm: action_reject; sin confirm: action_reset
quimibond_sgi,sgi_ppap_view_list,sgi.ppap,list,addons/quimibond_sgi/views/sgi_ppap_views.xml:75,PPAP,7,0,0,Sale del SGI (módulo propio),A-018,
quimibond_sgi,sgi_ppap_view_search,sgi.ppap,search,addons/quimibond_sgi/views/sgi_ppap_views.xml:94,PPAP,3,0,1,Sale del SGI (módulo propio),A-018,
quimibond_sgi,sgi_ppap_element_template_view_list,sgi.ppap.element.template,list,addons/quimibond_sgi/views/sgi_ppap_views.xml:126,Elementos PPAP (catálogo),3,0,0,Sale del SGI (módulo propio) y se corrige,D-014 A-018,
quimibond_sgi,sgi_ppap_res_partner_form,res.partner,herencia de base.view_partner_form,addons/quimibond_sgi/views/sgi_ppap_views.xml:149,,1,1,0,Sale del SGI (módulo propio) y se corrige,D-001 A-018,
quimibond_sgi,sgi_ppap_product_template_form,product.template,herencia de product.product_template_form_view,addons/quimibond_sgi/views/sgi_ppap_views.xml:163,,1,1,0,Sale del SGI (módulo propio) y se corrige,D-001 D-019 A-018,
quimibond_sgi,sgi_quality_alert_view_form_supplier,quality.alert,herencia de quimibond_sgi.sgi_quality_alert_view_form,addons/quimibond_sgi/views/sgi_pr6_views.xml:4,,0,1,0,Se corrige,D-020 A-008,
quimibond_sgi,sgi_audit_view_form_pr6,sgi.audit,herencia de quimibond_sgi.sgi_audit_view_form,addons/quimibond_sgi/views/sgi_pr6_views.xml:43,,3,0,0,Se corrige,A-008,
quimibond_sgi,sgi_audit_program_view_form_pr6,sgi.audit.program,herencia de quimibond_sgi.sgi_audit_program_view_form,addons/quimibond_sgi/views/sgi_pr6_views.xml:56,,0,1,0,Se corrige,A-008,
quimibond_sgi,sgi_process_activity_view_form_knowledge,sgi.process.activity,herencia de quimibond_sgi.sgi_process_activity_view_form,addons/quimibond_sgi/views/sgi_pr6_views.xml:74,,3,1,0,Se corrige,A-008,
quimibond_sgi,sgi_instruction_publish_view_form,sgi.instruction.publish,form,addons/quimibond_sgi/views/sgi_pr6_views.xml:90,Publicar como instructivo,4,2,0,Se corrige,D-003,
quimibond_sgi,sgi_sign_request_wizard_view_form,sgi.sign.request.wizard,form,addons/quimibond_sgi/views/sgi_pr6_views.xml:114,Firmar desde el registro,5,2,0,Se queda,,
quimibond_sgi,sgi_purchase_order_view_form_sign,purchase.order,herencia de purchase.purchase_order_form,addons/quimibond_sgi/views/sgi_pr6_views.xml:134,,1,2,0,Se queda,,
quimibond_sgi,sgi_stock_picking_view_form_sign,stock.picking,herencia de quimibond_sgi.sgi_stock_picking_view_form,addons/quimibond_sgi/views/sgi_pr6_views.xml:152,,1,2,0,Se corrige,D-019 A-008,
quimibond_sgi,sgi_stock_lot_view_form_sign,stock.lot,herencia de stock.view_production_lot_form,addons/quimibond_sgi/views/sgi_pr6_views.xml:170,,1,2,0,Se queda,,
quimibond_sgi,sgi_product_template_view_form_sign,product.template,herencia de quimibond_sgi.sgi_product_template_view_form_spec,addons/quimibond_sgi/views/sgi_pr6_views.xml:188,,1,2,0,Se corrige,D-019 A-008,
quimibond_sgi,sgi_deliverable_view_form_pr6,sgi.deliverable,herencia de quimibond_sgi.sgi_deliverable_view_form,addons/quimibond_sgi/views/sgi_pr6_views.xml:206,,3,0,0,Se corrige,D-016 A-008,
quimibond_sgi,sgi_process_activity_view_form,sgi.process.activity,form,addons/quimibond_sgi/views/sgi_process_procedure_views.xml:7,Actividad,110,3,2,Se corrige,D-016,
quimibond_sgi,sgi_process_activity_view_list,sgi.process.activity,list,addons/quimibond_sgi/views/sgi_process_procedure_views.xml:313,Actividades,30,2,0,Se corrige,D-016,
quimibond_sgi,sgi_process_activity_view_kanban,sgi.process.activity,kanban,addons/quimibond_sgi/views/sgi_process_procedure_views.xml:365,,11,0,0,Se queda,,
quimibond_sgi,sgi_process_activity_view_search,sgi.process.activity,search,addons/quimibond_sgi/views/sgi_process_procedure_views.xml:417,Actividades de procedimiento,9,0,5,Se queda,,
quimibond_sgi,sgi_activity_link_view_list,sgi.activity.link,list,addons/quimibond_sgi/views/sgi_process_procedure_views.xml:521,Cadena de actividades,13,0,0,Se queda,,
quimibond_sgi,sgi_activity_link_view_search,sgi.activity.link,search,addons/quimibond_sgi/views/sgi_process_procedure_views.xml:546,Cadena de actividades,5,0,0,Se queda,,
quimibond_sgi,sgi_activity_compliance_view_pivot,sgi.process.activity,pivot,addons/quimibond_sgi/views/sgi_process_procedure_views.xml:585,Cumplimiento de procedimientos,2,0,0,Se queda,,
quimibond_sgi,sgi_activity_compliance_view_graph,sgi.process.activity,graph,addons/quimibond_sgi/views/sgi_process_procedure_views.xml:596,Cumplimiento de procedimientos,2,0,0,Se queda,,
quimibond_sgi,sgi_process_flow_view_list,sgi.process.flow,list,addons/quimibond_sgi/views/sgi_process_views.xml:4,Flujos,8,1,0,Se queda,,
quimibond_sgi,sgi_process_flow_view_form,sgi.process.flow,form,addons/quimibond_sgi/views/sgi_process_views.xml:23,Flujo,9,1,0,Se corrige,D-003,
quimibond_sgi,sgi_process_flow_view_search,sgi.process.flow,search,addons/quimibond_sgi/views/sgi_process_views.xml:70,Flujos entre procesos,3,0,0,Se queda,,
quimibond_sgi,sgi_process_view_kanban,sgi.process,kanban,addons/quimibond_sgi/views/sgi_process_views.xml:102,,17,0,0,Se queda,,
quimibond_sgi,sgi_process_view_list,sgi.process,list,addons/quimibond_sgi/views/sgi_process_views.xml:164,Procesos,11,0,0,Se queda,,
quimibond_sgi,sgi_process_view_form,sgi.process,form,addons/quimibond_sgi/views/sgi_process_views.xml:193,Proceso,62,18,0,Se corrige,D-016 D-017,
quimibond_sgi,sgi_process_view_search,sgi.process,search,addons/quimibond_sgi/views/sgi_process_views.xml:403,Procesos,6,0,2,Se queda,,
quimibond_sgi,sgi_res_partner_supplier_view_form,res.partner,herencia de base.view_partner_form,addons/quimibond_sgi/views/sgi_res_partner_views.xml:3,,3,3,1,Se corrige,D-001,
quimibond_sgi,sgi_risk_category_view_list,sgi.risk.category,list,addons/quimibond_sgi/views/sgi_risk_views.xml:4,Categorías de riesgo,1,0,0,Se corrige,D-014,
quimibond_sgi,sgi_risk_view_form,sgi.risk,form,addons/quimibond_sgi/views/sgi_risk_views.xml:25,Riesgo / Oportunidad,40,6,0,Se corrige,D-009,
quimibond_sgi,sgi_risk_view_kanban,sgi.risk,kanban,addons/quimibond_sgi/views/sgi_risk_views.xml:164,,7,0,0,Se queda,,
quimibond_sgi,sgi_risk_view_list,sgi.risk,list,addons/quimibond_sgi/views/sgi_risk_views.xml:190,Riesgos y oportunidades,9,0,0,Se queda,,
quimibond_sgi,sgi_risk_view_pivot,sgi.risk,pivot,addons/quimibond_sgi/views/sgi_risk_views.xml:211,Mapa de calor,2,0,0,Se queda,,
quimibond_sgi,sgi_risk_view_search,sgi.risk,search,addons/quimibond_sgi/views/sgi_risk_views.xml:222,Riesgos,4,0,1,Se queda,,
quimibond_sgi,sgi_risk_view_activity,sgi.risk,activity,addons/quimibond_sgi/views/sgi_risk_views.xml:269,Riesgos,1,0,0,Se queda,,
quimibond_sgi,sgi_sales_budget_line_view_list,sgi.sales.budget.line,list,addons/quimibond_sgi/views/sgi_sales_budget_views.xml:4,Líneas de presupuesto,31,3,4,Sale del SGI (módulo propio),A-016,
quimibond_sgi,sgi_sales_budget_line_view_form,sgi.sales.budget.line,form,addons/quimibond_sgi/views/sgi_sales_budget_views.xml:61,Línea de presupuesto,27,3,0,Sale del SGI (módulo propio),A-016,
quimibond_sgi,sgi_sales_budget_line_grid_qty,sgi.sales.budget.line,grid,addons/quimibond_sgi/views/sgi_sales_budget_views.xml:129,Matriz de cantidades,3,0,1,Sale del SGI (módulo propio),A-016,
quimibond_sgi,sgi_sales_budget_line_view_pivot,sgi.sales.budget.line,pivot,addons/quimibond_sgi/views/sgi_sales_budget_views.xml:147,Ppto vs facturado vs pedido,10,0,0,Sale del SGI (módulo propio),A-016,
quimibond_sgi,sgi_sales_budget_line_view_graph,sgi.sales.budget.line,graph,addons/quimibond_sgi/views/sgi_sales_budget_views.xml:166,Ppto vs facturado vs pedido,4,0,0,Sale del SGI (módulo propio),A-016,
quimibond_sgi,sgi_sales_budget_line_view_graph_curve,sgi.sales.budget.line,graph,addons/quimibond_sgi/views/sgi_sales_budget_views.xml:179,Curva acumulada (Dirección),3,0,1,Sale del SGI (módulo propio),A-016,
quimibond_sgi,sgi_sales_budget_line_view_search,sgi.sales.budget.line,search,addons/quimibond_sgi/views/sgi_sales_budget_views.xml:191,Líneas de presupuesto,4,0,4,Sale del SGI (módulo propio),A-016,
quimibond_sgi,sgi_sales_budget_view_form,sgi.sales.budget,form,addons/quimibond_sgi/views/sgi_sales_budget_views.xml:242,Presupuesto de ventas,43,22,3,Sale del SGI (módulo propio) y se corrige,D-003 A-016,
quimibond_sgi,sgi_sales_budget_view_list,sgi.sales.budget,list,addons/quimibond_sgi/views/sgi_sales_budget_views.xml:424,Presupuestos de ventas,9,0,1,Sale del SGI (módulo propio),A-016,
quimibond_sgi,sgi_sales_budget_view_search,sgi.sales.budget,search,addons/quimibond_sgi/views/sgi_sales_budget_views.xml:447,Presupuestos de ventas,3,0,2,Sale del SGI (módulo propio),A-016,
quimibond_sgi,sgi_sales_budget_import_view_form,sgi.sales.budget.import,form,addons/quimibond_sgi/views/sgi_sales_budget_views.xml:473,Importar presupuesto desde Excel,7,2,0,Sale del SGI (módulo propio) y se corrige,D-003 A-016,
quimibond_sgi,sgi_sales_forecast_view_list,sgi.sales.budget,list,addons/quimibond_sgi/views/sgi_sales_budget_views.xml:532,Pronósticos de ventas,7,0,2,Sale del SGI (módulo propio),A-016,
quimibond_sgi,sgi_sales_budget_view_kanban,sgi.sales.budget,kanban,addons/quimibond_sgi/views/sgi_sales_budget_views.xml:573,,9,0,2,Sale del SGI (módulo propio),A-016,
quimibond_sgi,sgi_sales_analysis_pivot_mercado,sgi.sales.budget.line,pivot,addons/quimibond_sgi/views/sgi_sales_budget_views.xml:614,Por mercado,5,0,1,Sale del SGI (módulo propio),A-016,
quimibond_sgi,sgi_sales_analysis_pivot_cliente,sgi.sales.budget.line,pivot,addons/quimibond_sgi/views/sgi_sales_budget_views.xml:628,Por cliente,5,0,2,Sale del SGI (módulo propio),A-016,
quimibond_sgi,sgi_sales_analysis_pivot_producto,sgi.sales.budget.line,pivot,addons/quimibond_sgi/views/sgi_sales_budget_views.xml:642,Por producto,5,0,1,Sale del SGI (módulo propio),A-016,
quimibond_sgi,sgi_sales_analysis_graph_global,sgi.sales.budget.line,graph,addons/quimibond_sgi/views/sgi_sales_budget_views.xml:656,Global (Dirección),4,0,1,Sale del SGI (módulo propio),A-016,
quimibond_sgi,res_config_settings_view_form_sgi,res.config.settings,herencia de base.res_config_settings_view_form,addons/quimibond_sgi/views/sgi_settings_views.xml:3,,42,1,1,Se corrige,D-003,
quimibond_sgi,sgi_slide_channel_view_list,slide.channel,list,addons/quimibond_sgi/views/sgi_sign_elearning_views.xml:5,Cursos y competencias,5,0,1,Se queda,,
quimibond_sgi,sgi_staff_efficiency_view_form,sgi.staff.efficiency,form,addons/quimibond_sgi/views/sgi_staff_efficiency_views.xml:3,Eficiencias de personal,27,5,0,Se corrige,D-008 D-009,sin confirm: action_close
quimibond_sgi,sgi_staff_efficiency_view_list,sgi.staff.efficiency,list,addons/quimibond_sgi/views/sgi_staff_efficiency_views.xml:66,Eficiencias de personal,8,0,0,Se queda,,
quimibond_sgi,sgi_staff_efficiency_line_view_pivot,sgi.staff.efficiency.line,pivot,addons/quimibond_sgi/views/sgi_staff_efficiency_views.xml:83,Eficiencias por empleado,4,0,0,Se queda,,
quimibond_sgi,sgi_staff_efficiency_line_view_list,sgi.staff.efficiency.line,list,addons/quimibond_sgi/views/sgi_staff_efficiency_views.xml:96,Calificaciones,11,0,0,Se queda,,
quimibond_sgi,sgi_staff_efficiency_view_search,sgi.staff.efficiency,search,addons/quimibond_sgi/views/sgi_staff_efficiency_views.xml:116,Eficiencias de personal,2,0,0,Se queda,,
quimibond_sgi,sgi_process_activity_view_form_structure,sgi.process.activity,herencia de quimibond_sgi.sgi_process_activity_view_form,addons/quimibond_sgi/views/sgi_structure_views.xml:6,,0,0,0,Se corrige,A-008,
quimibond_sgi,sgi_supplier_eval_view_list,sgi.supplier.eval,list,addons/quimibond_sgi/views/sgi_supplier_eval_views.xml:3,Evaluaciones de proveedores,8,0,0,Se queda,,
quimibond_sgi,sgi_supplier_eval_view_form,sgi.supplier.eval,form,addons/quimibond_sgi/views/sgi_supplier_eval_views.xml:28,Evaluación de proveedor,9,2,0,Se queda,,
quimibond_sgi,sgi_supplier_eval_view_search,sgi.supplier.eval,search,addons/quimibond_sgi/views/sgi_supplier_eval_views.xml:73,Evaluaciones,1,0,1,Se queda,,
quimibond_sgi_plm,sgi_mrp_eco_view_form,mrp.eco,herencia de mrp_plm.mrp_eco_view_form,addons/quimibond_sgi_plm/views/mrp_eco_views.xml:3,,0,1,0,Sale del SGI (módulo propio),A-018,
quimibond_sgi_revisado,mrp_revision_log_view_pivot,mrp.revision.log,pivot,addons/quimibond_sgi_revisado/views/mrp_revision_log_views.xml:4,Defectos de revisado,1,0,0,Se queda,,
quimibond_sgi_revisado,mrp_revision_log_view_graph,mrp.revision.log,graph,addons/quimibond_sgi_revisado/views/mrp_revision_log_views.xml:14,Defectos de revisado,1,0,0,Se queda,,
quimibond_sgi_revisado,mrp_revision_log_view_search,mrp.revision.log,search,addons/quimibond_sgi_revisado/views/mrp_revision_log_views.xml:24,Revisado de tela,3,0,1,Se queda,,
quimibond_sgi,report_8d_document,,qweb,addons/quimibond_sgi/report/report_8d.xml:17,,,,,Se queda,,
quimibond_sgi,report_audit_plan_document,,qweb,addons/quimibond_sgi/report/report_audit.xml:14,,,,,Se corrige,D-004,
quimibond_sgi,report_audit_report_document,,qweb,addons/quimibond_sgi/report/report_audit.xml:59,,,,,Se corrige,D-004,
quimibond_sgi,sgi_calibration_label_box,,qweb,addons/quimibond_sgi/report/report_calibration_label.xml:27,,,,,Se queda,,
quimibond_sgi,report_calibration_label_document,,qweb,addons/quimibond_sgi/report/report_calibration_label.xml:51,,,,,Se corrige,D-004,
quimibond_sgi,report_out_of_service_label_document,,qweb,addons/quimibond_sgi/report/report_calibration_label.xml:67,,,,,Se corrige,D-004,
quimibond_sgi,report_coa_document,,qweb,addons/quimibond_sgi/report/report_coa.xml:12,,,,,Se corrige,D-004,
quimibond_sgi,report_compliance_matrix_document,,qweb,addons/quimibond_sgi/report/report_compliance_matrix.xml:30,,,,,Se queda,,
quimibond_sgi,report_dev_request_document,,qweb,addons/quimibond_sgi/report/report_dev_request.xml:15,,,,,Se queda,,
quimibond_sgi,report_risk_matrix_document,,qweb,addons/quimibond_sgi/report/report_direction.xml:15,,,,,Se queda,,
quimibond_sgi,report_competence_matrix_document,,qweb,addons/quimibond_sgi/report/report_direction.xml:71,,,,,Se queda,,
quimibond_sgi,report_doc_change_document,,qweb,addons/quimibond_sgi/report/report_doc_change.xml:30,,,,,Se corrige,D-004,
quimibond_sgi,report_epp_delivery_document,,qweb,addons/quimibond_sgi/report/report_epp_delivery.xml:16,,,,,Se queda,,
quimibond_sgi,report_fmea_document,,qweb,addons/quimibond_sgi/report/report_fmea.xml:14,,,,,Sale del SGI (módulo propio) y se corrige,D-004 A-018,
quimibond_sgi,report_incident_document,,qweb,addons/quimibond_sgi/report/report_incident.xml:13,,,,,Se corrige,D-004,
quimibond_sgi,report_knowledge_instruction_document,,qweb,addons/quimibond_sgi/report/report_knowledge_instruction.xml:12,,,,,Sale del SGI (módulo propio),A-014,
quimibond_sgi,report_machine_sheet_document,,qweb,addons/quimibond_sgi/report/report_machine_sheet.xml:14,,,,,Se queda,,
quimibond_sgi,report_master_list_document,,qweb,addons/quimibond_sgi/report/report_master_list.xml:15,,,,,Se queda,,
quimibond_sgi,report_legal_matrix_document,,qweb,addons/quimibond_sgi/report/report_master_list.xml:71,,,,,Se queda,,
quimibond_sgi,report_master_list_all_document,,qweb,addons/quimibond_sgi/report/report_master_list_all.xml:54,,,,,Se corrige,D-004,
quimibond_sgi,report_mgmt_review_document,,qweb,addons/quimibond_sgi/report/report_mgmt_review.xml:13,,,,,Se corrige,D-004,
quimibond_sgi,report_my_procedure_header,,qweb,addons/quimibond_sgi/report/report_my_procedure.xml:31,,,,,Se queda,,
quimibond_sgi,report_my_procedure_footer,,qweb,addons/quimibond_sgi/report/report_my_procedure.xml:65,,,,,Se queda,,
quimibond_sgi,report_my_procedure_entry,,qweb,addons/quimibond_sgi/report/report_my_procedure.xml:79,,,,,Se queda,,
quimibond_sgi,report_my_procedure_document,,qweb,addons/quimibond_sgi/report/report_my_procedure.xml:126,,,,,Se corrige,D-004,
quimibond_sgi,report_nc_document,,qweb,addons/quimibond_sgi/report/report_nc.xml:13,,,,,Se corrige,D-004,
quimibond_sgi,report_news_document,,qweb,addons/quimibond_sgi/report/report_news.xml:11,,,,,Se corrige,D-004,
quimibond_sgi,report_procedure_header,,qweb,addons/quimibond_sgi/report/report_procedure.xml:15,,,,,Se corrige,D-004,
quimibond_sgi,report_procedure_footer,,qweb,addons/quimibond_sgi/report/report_procedure.xml:55,,,,,Se queda,,
quimibond_sgi,report_procedure_document,,qweb,addons/quimibond_sgi/report/report_procedure.xml:71,,,,,Se corrige,D-004,
quimibond_sgi,report_retention_document,,qweb,addons/quimibond_sgi/report/report_retention.xml:15,,,,,Se queda,,
quimibond_sgi,report_sales_budget_document,,qweb,addons/quimibond_sgi/report/report_sales_budget.xml:12,,,,,Sale del SGI (módulo propio) y se corrige,D-004 A-016,
quimibond_sgi,report_sales_forecast_page,,qweb,addons/quimibond_sgi/report/report_sales_budget.xml:111,,,,,Sale del SGI (módulo propio) y se corrige,D-004 A-016,
quimibond_sgi,report_sign_sheet_body,,qweb,addons/quimibond_sgi/report/report_sign_sheet.xml:7,,,,,Se queda,,
quimibond_sgi,report_ack_sign_sheet_document,,qweb,addons/quimibond_sgi/report/report_sign_sheet.xml:36,,,,,Se queda,,
quimibond_sgi,report_epp_sign_sheet_document,,qweb,addons/quimibond_sgi/report/report_sign_sheet.xml:61,,,,,Se queda,,
quimibond_sgi,report_publish_sign_sheet_document,,qweb,addons/quimibond_sgi/report/report_sign_sheet.xml:87,,,,,Se queda,,
quimibond_sgi,report_staff_efficiency_document,,qweb,addons/quimibond_sgi/report/report_staff_efficiency.xml:14,,,,,Se queda,,
quimibond_sgi,sgi_format_footer,,qweb,addons/quimibond_sgi/report/sgi_format_footer.xml:5,,,,,Se corrige,C-006,
quimibond_sgi,report_saleorder_document_sgi,,qweb (hereda sale.report_saleorder_document),addons/quimibond_sgi/report/sgi_format_footer.xml:14,,,,,Se corrige,C-006,
quimibond_sgi,report_purchaseorder_document_sgi,,qweb (hereda purchase.report_purchaseorder_document),addons/quimibond_sgi/report/sgi_format_footer.xml:22,,,,,Se corrige,C-006,
quimibond_sgi,report_delivery_document_sgi,,qweb (hereda stock.report_delivery_document),addons/quimibond_sgi/report/sgi_format_footer.xml:30,,,,,Se corrige,C-006,
quimibond_sgi,report_nc_document_sgi,,qweb (hereda quimibond_sgi.report_nc_document),addons/quimibond_sgi/report/sgi_format_footer.xml:42,,,,,Se queda,,
quimibond_sgi,report_coa_document_sgi,,qweb (hereda quimibond_sgi.report_coa_document),addons/quimibond_sgi/report/sgi_format_footer.xml:50,,,,,Se queda,,
quimibond_sgi,report_mgmt_review_document_sgi,,qweb (hereda quimibond_sgi.report_mgmt_review_document),addons/quimibond_sgi/report/sgi_format_footer.xml:58,,,,,Se queda,,
quimibond_sgi,portal_nc_page,,qweb,addons/quimibond_sgi/views/sgi_portal_templates.xml:4,,,,,Se queda,,
