addon,xml_id,id_prod,nombre_actual,padre_actual,secuencia_actual,accion,grupos_codigo,grupos_prod,veredicto,nombre_final,padre_final,secuencia_final,grupos_finales,nota,archivo
quimibond_sgi,menu_sgi_spec_gaps,2558,Faltantes de especificación,menu_sgi_analysis,80,sgi_activity_spec_gap_action,,,Secuencia,Faltantes de especificación,menu_sgi_analysis,40,(hereda),A-025: mover el <menuitem> a sgi_menus.xml,quimibond_sgi/views/sgi_activity_spec_views.xml:130
quimibond_sgi,menu_sgi_week_stats,2559,Cumplimiento semanal,menu_sgi_analysis,90,sgi_activity_week_stat_action,,,Secuencia,Cumplimiento semanal,menu_sgi_analysis,50,(hereda),A-025,quimibond_sgi/views/sgi_activity_spec_views.xml:132
quimibond_sgi,menu_sgi_measures_split,2598,Mediciones por equipo o mercado,menu_sgi_admin_indicators,30,sgi_measure_split_action,,,Se queda,Mediciones por equipo o mercado,menu_sgi_admin_indicators,30,(hereda),,quimibond_sgi/views/sgi_business_line_views.xml:95
quimibond_sgi,menu_sgi_epp_deliveries,2576,Responsivas de EPP,quimibond_sgi.menu_sgi_safety,60,sgi_epp_delivery_action,,,Se queda,Responsivas de EPP,menu_sgi_safety,60,(hereda),A-001: mover el <menuitem> a sgi_menus.xml,quimibond_sgi/views/sgi_epp_views.xml:116
quimibond_sgi,menu_sgi_external_docs,2599,Documentos externos,menu_sgi_documental,30,sgi_external_doc_action,,,Se queda,Documentos externos,menu_sgi_documental,30,(hereda),,quimibond_sgi/views/sgi_external_doc_views.xml:68
quimibond_sgi,menu_sgi_health_records,2600,Estudios de higiene y exámenes médicos,menu_sgi_safety,50,sgi_health_record_action,"hr.group_hr_user,quimibond_sgi.group_sgi_manager","68,318",Grupos,Estudios de higiene y exámenes médicos,menu_sgi_safety,50,"Salud ocupacional (nuevo), 318",F-004; sin 68,quimibond_sgi/views/sgi_hse_views.xml:396
quimibond_sgi,menu_sgi_csh_inspections,2601,Recorridos de la Comisión de Seguridad e Higiene,menu_sgi_safety,40,sgi_csh_inspection_action,,,Se renombra,Recorridos CSH,menu_sgi_safety,40,(hereda),decisión 2,quimibond_sgi/views/sgi_hse_views.xml:399
quimibond_sgi,menu_sgi_checklist_requests,2602,Hojas de checklist (planta y unidades),menu_sgi_safety,70,sgi_checklist_request_action,,,Se renombra,Hojas de checklist,menu_sgi_safety,70,(hereda),decisión 2,quimibond_sgi/views/sgi_hse_views.xml:401
quimibond_sgi,menu_sgi_checklist_today,2605,Checklists de hoy,maintenance.menu_maintenance_title,1,sgi_checklist_today_action,,,Secuencia (fuera),Checklists de hoy,maintenance.menu_maintenance_title,1,(ninguno; F-021),empata secuencia 1 con Mantenimiento/Mantenimiento,quimibond_sgi/views/sgi_hse_views.xml:403
quimibond_sgi,menu_sgi_checklist_templates,2603,Checklists de planta y unidades,menu_sgi_config,60,sgi_checklist_template_action,,,Secuencia,Checklists de planta y unidades,menu_sgi_config,50,(hereda),E-013 (secuencia 60 repetida),quimibond_sgi/views/sgi_hse_views.xml:405
quimibond_sgi,menu_sgi_lock_date_log,2587,Bitácora de bloqueo contable,account.menu_finance_reports,90,sgi_lock_date_log_action,,,Se mueve o se archiva (contabilidad),Bitácora de bloqueo contable,account.menu_finance_reports,90,account.group_account_manager,A-017; 0 registros,quimibond_sgi/views/sgi_kpi_fields_views.xml:119
quimibond_sgi,menu_sgi_inventory_value,2588,Valor del inventario por mes,account.menu_finance_reports,91,sgi_inventory_value_action,,,Se archiva (sin alimentación),Valor del inventario por mes,account.menu_finance_reports,91,—,A-017: sgi_snapshot sin llamador,quimibond_sgi/views/sgi_kpi_fields_views.xml:121
quimibond_sgi,menu_sgi_root,2377,SGI,,90,,"quimibond_sgi.group_sgi_user,quimibond_sgi.group_sgi_auditor","316,317",Se queda,SGI,—,90,"316,317",,quimibond_sgi/views/sgi_menus.xml:14
quimibond_sgi,menu_sgi_panel,2378,Inicio,menu_sgi_root,10,,,,Se queda,Inicio,menu_sgi_root,10,(hereda),B-016: el <record> action=False puede quedar,quimibond_sgi/views/sgi_menus.xml:25
quimibond_sgi,menu_sgi_processes,2381,Procesos,menu_sgi_root,20,,,,Se queda,Procesos,menu_sgi_root,20,(hereda),,quimibond_sgi/views/sgi_menus.xml:38
quimibond_sgi,menu_sgi_process_map,2513,Mapa de procesos,menu_sgi_processes,10,sgi_process_action,,,Se queda,Mapa de procesos,menu_sgi_processes,10,(hereda),acción → nombre «Mapa de procesos»,quimibond_sgi/views/sgi_menus.xml:46
quimibond_sgi,menu_sgi_activities,2584,Actividades,menu_sgi_processes,20,sgi_process_activity_action,,,Se queda,Actividades,menu_sgi_processes,20,(hereda),,quimibond_sgi/views/sgi_menus.xml:48
quimibond_sgi,menu_sgi_analysis_who,2552,Matriz de responsabilidades,menu_sgi_processes,30,sgi_activity_exec_stat_action_who,,,Se queda,Matriz de responsabilidades,menu_sgi_processes,30,(hereda),,quimibond_sgi/views/sgi_menus.xml:50
quimibond_sgi,menu_sgi_jobs_roles,2585,Puestos y procesos,menu_sgi_processes,40,sgi_hr_job_action_roles,,,Se queda,Puestos y procesos,menu_sgi_processes,40,(hereda),,quimibond_sgi/views/sgi_menus.xml:53
quimibond_sgi,menu_sgi_machine_sheets,2592,Fichas de proceso por máquina,menu_sgi_processes,50,sgi_machine_sheet_action,,,Se queda,Fichas de proceso por máquina,menu_sgi_processes,50,(hereda),,quimibond_sgi/views/sgi_menus.xml:56
quimibond_sgi,menu_sgi_improvement_group,2424,Mejora,menu_sgi_root,30,,,,Se queda,Mejora,menu_sgi_root,30,(hereda),,quimibond_sgi/views/sgi_menus.xml:61
quimibond_sgi,menu_sgi_nc,2385,No conformidades,menu_sgi_improvement_group,10,sgi_nc_board_action,,,Se queda,No conformidades,menu_sgi_improvement_group,10,(hereda),,quimibond_sgi/views/sgi_menus.xml:62
quimibond_sgi,menu_sgi_complaints,2388,Reclamaciones de clientes,menu_sgi_improvement_group,20,sgi_complaint_action,,,Se queda,Reclamaciones de clientes,menu_sgi_improvement_group,20,(hereda),,quimibond_sgi/views/sgi_menus.xml:64
quimibond_sgi,menu_sgi_nc_all_actions,2422,Acciones correctivas,menu_sgi_improvement_group,30,sgi_action_line_action_all,,318,Grupos,Acciones correctivas,menu_sgi_improvement_group,30,"317,318,319",E-009,quimibond_sgi/views/sgi_menus.xml:66
quimibond_sgi,menu_sgi_internal_complaints,2501,Quejas y sugerencias del personal,menu_sgi_improvement_group,60,sgi_internal_complaint_action,,,Se queda,Quejas y sugerencias del personal,menu_sgi_improvement_group,60,(hereda),,quimibond_sgi/views/sgi_menus.xml:69
quimibond_sgi,menu_sgi_improvements,2389,Mejora continua,menu_sgi_improvement_group,40,sgi_improvement_action,,,Se queda,Mejora continua,menu_sgi_improvement_group,40,(hereda),,quimibond_sgi/views/sgi_menus.xml:72
quimibond_sgi,menu_sgi_lessons,2502,Lecciones aprendidas,menu_sgi_improvement_group,50,sgi_nc_lessons_action,,,Se queda,Lecciones aprendidas,menu_sgi_improvement_group,50,(hereda),,quimibond_sgi/views/sgi_menus.xml:74
quimibond_sgi,menu_sgi_audits,2570,Auditorías,menu_sgi_improvement_group,70,,,,Se queda,Auditorías,menu_sgi_improvement_group,70,(hereda),,quimibond_sgi/views/sgi_menus.xml:76
quimibond_sgi,menu_sgi_audit_list,2397,Auditorías realizadas,menu_sgi_audits,20,sgi_audit_action,,,Se queda,Auditorías realizadas,menu_sgi_audits,20,(hereda),,quimibond_sgi/views/sgi_menus.xml:78
quimibond_sgi,menu_sgi_audit_programs,2396,Programa de auditorías,menu_sgi_audits,10,sgi_audit_program_action,,,Se renombra,Programa,menu_sgi_audits,10,(hereda),decisión 2,quimibond_sgi/views/sgi_menus.xml:80
quimibond_sgi,menu_sgi_safety,2571,Seguridad y ambiente,menu_sgi_root,35,,,,Se queda,Seguridad y ambiente,menu_sgi_root,35,(hereda),,quimibond_sgi/views/sgi_menus.xml:82
quimibond_sgi,menu_sgi_incidents,2409,Incidentes y accidentes,menu_sgi_safety,10,sgi_incident_action,,,Se queda,Incidentes y accidentes,menu_sgi_safety,10,(hereda),F-009 (ACL),quimibond_sgi/views/sgi_menus.xml:84
quimibond_sgi,menu_sgi_emergency_plans,2506,Planes de emergencia,menu_sgi_safety,20,sgi_emergency_plan_action,,,Se queda,Planes de emergencia,menu_sgi_safety,20,(hereda),,quimibond_sgi/views/sgi_menus.xml:86
quimibond_sgi,menu_sgi_emergency_drills,2507,Simulacros,menu_sgi_safety,30,sgi_emergency_drill_action,,,Se queda,Simulacros,menu_sgi_safety,30,(hereda),,quimibond_sgi/views/sgi_menus.xml:88
quimibond_sgi,menu_sgi_direction,2572,Dirección,menu_sgi_root,40,,"quimibond_sgi.group_sgi_director,quimibond_sgi.group_sgi_manager,quimibond_sgi.group_sgi_auditor","317,318,319",Grupos,Dirección,menu_sgi_root,40,"(hereda: 316,317)",E-009 / F-011,quimibond_sgi/views/sgi_menus.xml:92
quimibond_sgi,menu_sgi_dashboard_health,2548,Tablero de dirección,menu_sgi_direction,10,sgi_direction_board_action_open,,,Renombra + grupos,Tablero,menu_sgi_direction,10,"317,318,319",decisión 2,quimibond_sgi/views/sgi_menus.xml:96
quimibond_sgi,menu_sgi_mgmt_review,2400,Revisión por la dirección,menu_sgi_direction,20,sgi_management_review_action,,318,Grupos,Revisión por la dirección,menu_sgi_direction,20,"317,318,319",E-009,quimibond_sgi/views/sgi_menus.xml:98
quimibond_sgi,menu_sgi_policy,2429,Política integral,menu_sgi_direction,30,sgi_policy_action,,,Se queda,Política integral,menu_sgi_direction,30,(hereda),visible a Usuario SGI (F-011),quimibond_sgi/views/sgi_menus.xml:100
quimibond_sgi,menu_sgi_objectives,2394,Objetivos integrales,menu_sgi_direction,40,sgi_objective_action,,,Se queda,Objetivos integrales,menu_sgi_direction,40,(hereda),visible a Usuario SGI (F-011),quimibond_sgi/views/sgi_menus.xml:102
quimibond_sgi,menu_sgi_risks,2398,Riesgos y oportunidades,menu_sgi_direction,50,sgi_risk_action,,,Se queda,Riesgos y oportunidades,menu_sgi_direction,50,(hereda),visible a Usuario SGI (F-011),quimibond_sgi/views/sgi_menus.xml:104
quimibond_sgi,menu_sgi_legal,2516,Requisitos legales,menu_sgi_direction,60,sgi_legal_requirement_action,,,Se queda,Requisitos legales,menu_sgi_direction,60,(hereda),visible a Usuario SGI (F-011),quimibond_sgi/views/sgi_menus.xml:106
quimibond_sgi,menu_sgi_interested_parties,2517,Partes interesadas,menu_sgi_direction,70,sgi_interested_party_action,,,Grupos,Partes interesadas,menu_sgi_direction,70,"317,318,319",,quimibond_sgi/views/sgi_menus.xml:108
quimibond_sgi,menu_sgi_satisfaction,2503,Satisfacción del cliente,menu_sgi_direction,80,sgi_satisfaction_action,,,Grupos,Satisfacción del cliente,menu_sgi_direction,80,"317,318,319",,quimibond_sgi/views/sgi_menus.xml:110
quimibond_sgi,menu_sgi_admin,2573,Administración SGI,menu_sgi_root,90,,"quimibond_sgi.group_sgi_manager,quimibond_sgi.group_sgi_auditor","317,318",Grupos,Administración SGI,menu_sgi_root,90,"317,318,319",E-009,quimibond_sgi/views/sgi_menus.xml:116
quimibond_sgi,menu_sgi_documental,2425,Documentos,menu_sgi_admin,10,,,,Se queda,Documentos,menu_sgi_admin,10,(hereda),,quimibond_sgi/views/sgi_menus.xml:120
quimibond_sgi,menu_sgi_documents,2383,Documentos,menu_sgi_documental,10,sgi_document_action,,,Se queda,Documentos,menu_sgi_documental,10,(hereda),,quimibond_sgi/views/sgi_menus.xml:121
quimibond_sgi,menu_sgi_doc_changes,2390,Solicitudes de cambio a documentos,menu_sgi_documental,40,sgi_doc_change_board_action,quimibond_sgi.group_sgi_manager,318,Renombra + grupos,Solicitudes de cambio,menu_sgi_documental,40,"317,318,319",decisión 2,quimibond_sgi/views/sgi_menus.xml:123
quimibond_sgi,menu_sgi_master_list,2593,Lista maestra de documentos,menu_sgi_documental,20,sgi_document_master_list_action,,,Se renombra,Lista maestra,menu_sgi_documental,20,(hereda),decisión 2,quimibond_sgi/views/sgi_menus.xml:125
quimibond_sgi,menu_sgi_migration,2419,Migración de formatos,menu_sgi_documental,50,sgi_migration_action,quimibond_sgi.group_sgi_manager,318,Se mueve y renombra,Formatos y documentos anteriores,menu_sgi_dropbox (nuevo),30,(hereda),E-004; antes Documentos/Migración de formatos [318],quimibond_sgi/views/sgi_menus.xml:127
quimibond_sgi,menu_sgi_config_doc_types,2557,Tipos de documento,menu_sgi_documental,60,sgi_document_type_action,quimibond_sgi.group_sgi_manager,318,Secuencia,Tipos de documento,menu_sgi_documental,50,318,hueco que deja Migración,quimibond_sgi/views/sgi_menus.xml:129
quimibond_sgi,menu_sgi_admin_indicators,2574,Indicadores,menu_sgi_admin,20,,,,Se queda,Indicadores,menu_sgi_admin,20,(hereda),,quimibond_sgi/views/sgi_menus.xml:133
quimibond_sgi,menu_sgi_indicators,2392,Indicadores,menu_sgi_admin_indicators,10,sgi_indicator_action,,,Se queda,Indicadores,menu_sgi_admin_indicators,10,(hereda),,quimibond_sgi/views/sgi_menus.xml:134
quimibond_sgi,menu_sgi_measures,2393,Mediciones,menu_sgi_admin_indicators,20,sgi_measure_action,,,Se queda,Mediciones,menu_sgi_admin_indicators,20,(hereda),,quimibond_sgi/views/sgi_menus.xml:136
quimibond_sgi,menu_sgi_approvals_native,2596,Aprobaciones del SGI,menu_sgi_admin,25,sgi_activity_role_action_approval,quimibond_sgi.group_sgi_manager,318,Grupos,Aprobaciones del SGI,menu_sgi_admin,25,"317,318,319",lectura para auditor y Dirección (ACL: 06),quimibond_sgi/views/sgi_menus.xml:140
quimibond_sgi,menu_sgi_analysis,2551,Diagnóstico,menu_sgi_admin,30,,quimibond_sgi.group_sgi_manager,318,Grupos,Diagnóstico,menu_sgi_admin,30,"317,318,319",pregunta 2; ACL del auditor (F-012),quimibond_sgi/views/sgi_menus.xml:147
quimibond_sgi,menu_sgi_diagnostic,2509,Diagnóstico del SGI,menu_sgi_analysis,10,sgi_diagnostic_run_action,,318,Se queda,Diagnóstico del SGI,menu_sgi_analysis,10,(hereda),F-016: group_ids en la acción de servidor,quimibond_sgi/views/sgi_menus.xml:148
quimibond_sgi,menu_sgi_activity_methods,2554,Cobertura de medición,menu_sgi_analysis,20,sgi_activity_method_action,,,Se queda,Cobertura de medición,menu_sgi_analysis,20,(hereda),,quimibond_sgi/views/sgi_menus.xml:150
quimibond_sgi,menu_sgi_compliance,2515,Cumplimiento de procedimientos,menu_sgi_analysis,30,sgi_activity_compliance_action,,,Se queda,Cumplimiento de procedimientos,menu_sgi_analysis,30,(hereda),,quimibond_sgi/views/sgi_menus.xml:152
quimibond_sgi,menu_sgi_admin_signatures,2575,Firmas de lectura,menu_sgi_admin,40,,,,Se queda,Firmas de lectura,menu_sgi_admin,40,(hereda),,quimibond_sgi/views/sgi_menus.xml:159
quimibond_sgi,menu_sgi_my_procedure_publish,2597,Publicar Mi procedimiento,menu_sgi_admin_signatures,10,sgi_my_procedure_action_publish,quimibond_sgi.group_sgi_manager,318,Se queda,Publicar Mi procedimiento,menu_sgi_admin_signatures,10,318,,quimibond_sgi/views/sgi_menus.xml:160
quimibond_sgi,menu_sgi_config_acks,2416,Acuses de lectura,menu_sgi_admin_signatures,20,sgi_document_ack_action,,,Se queda,Acuses de lectura,menu_sgi_admin_signatures,20,(hereda),,quimibond_sgi/views/sgi_menus.xml:162
quimibond_sgi,menu_sgi_config,2411,Configuración,menu_sgi_admin,50,,quimibond_sgi.group_sgi_manager,318,Se queda,Configuración,menu_sgi_admin,50,318,,quimibond_sgi/views/sgi_menus.xml:166
quimibond_sgi,menu_sgi_config_load,2555,Cargar catálogo,menu_sgi_config,2,sgi_catalog_load_wizard_action,quimibond_sgi.group_sgi_admin,325,Se queda,Cargar catálogo,menu_sgi_config,2,325,,quimibond_sgi/views/sgi_menus.xml:167
quimibond_sgi,menu_sgi_job_families,2556,Familias de puesto,menu_sgi_config,3,sgi_job_family_action,,,Se queda,Familias de puesto,menu_sgi_config,3,(hereda),,quimibond_sgi/views/sgi_menus.xml:170
quimibond_sgi,menu_sgi_config_settings,2426,Ajustes,menu_sgi_config,5,sgi_config_settings_action,base.group_system,3,Se queda,Ajustes,menu_sgi_config,5,base.group_system,,quimibond_sgi/views/sgi_menus.xml:172
quimibond_sgi,menu_sgi_config_areas,2413,Áreas,menu_sgi_config,10,sgi_area_action,,,Se queda,Áreas,menu_sgi_config,10,(hereda),,quimibond_sgi/views/sgi_menus.xml:175
quimibond_sgi,menu_sgi_config_norms,2414,Normas,menu_sgi_config,20,sgi_norm_action,,,Se queda,Normas,menu_sgi_config,20,(hereda),,quimibond_sgi/views/sgi_menus.xml:177
quimibond_sgi,menu_sgi_config_clauses,2415,Cláusulas,menu_sgi_config,30,sgi_norm_clause_action,,,Se queda,Cláusulas,menu_sgi_config,30,(hereda),,quimibond_sgi/views/sgi_menus.xml:179
quimibond_sgi,menu_sgi_config_risk_cat,2417,Categorías de riesgo,menu_sgi_config,50,sgi_risk_category_action,,,Secuencia,Categorías de riesgo,menu_sgi_config,40,(hereda),,quimibond_sgi/views/sgi_menus.xml:181
quimibond_sgi,menu_sgi_config_ppap_elements,2412,Elementos PPAP,menu_sgi_config,60,sgi_ppap_element_template_action,,,Se mueve (satélite),Elementos PPAP,Calidad preventiva (satélite automotriz),90,"quality.group_quality_manager, 318",decisión 5; conservar res_id 2412,quimibond_sgi/views/sgi_menus.xml:183
quimibond_sgi,menu_sgi_config_format_map,2420,Formatos en documentos de Odoo,menu_sgi_config,70,sgi_format_map_action,,,Secuencia,Formatos en documentos de Odoo,menu_sgi_config,60,(hereda),pie de formato (C-006); se enlaza desde Del Dropbox a Odoo,quimibond_sgi/views/sgi_menus.xml:185
quimibond_sgi,menu_sgi_config_alert_sources,2491,Fuentes de NC automáticas,menu_sgi_config,80,sgi_alert_source_action,,,Secuencia,Fuentes de NC automáticas,menu_sgi_config,70,(hereda),,quimibond_sgi/views/sgi_menus.xml:187
quimibond_sgi,menu_sgi_suppliers,2399,Evaluación de proveedores,purchase.menu_purchase_root,30,sgi_supplier_eval_action,"purchase.group_purchase_user,quimibond_sgi.group_sgi_user","38,316",Se queda (fuera),Evaluación de proveedores,purchase.menu_purchase_root,30,"38,316",,quimibond_sgi/views/sgi_menus.xml:203
quimibond_sgi,menu_hr_sgi_competences,2512,Competencias (SGI),hr.menu_hr_root,70,,"hr.group_hr_user,quimibond_sgi.group_sgi_user","68,316",Se renombra (fuera),Competencias SGI,hr.menu_hr_root,70,"68,316",sin paréntesis,quimibond_sgi/views/sgi_menus.xml:209
quimibond_sgi,menu_sgi_competences,2410,Brechas de competencia (DNC),menu_hr_sgi_competences,10,sgi_competence_gap_action,,,Se queda (fuera),Brechas de competencia (DNC),menu_hr_sgi_competences,10,(hereda),,quimibond_sgi/views/sgi_menus.xml:212
quimibond_sgi,menu_sgi_dnc_survey,2504,Encuesta DNC,menu_hr_sgi_competences,20,sgi_dnc_survey_action,,,Se queda (fuera),Encuesta DNC,menu_hr_sgi_competences,20,(hereda),E-006: título interno con clave,quimibond_sgi/views/sgi_menus.xml:215
quimibond_sgi,menu_sgi_elearning_skills,2518,Cursos y competencias (eLearning),menu_hr_sgi_competences,30,sgi_slide_channel_action,quimibond_sgi.group_sgi_manager,318,Se queda (fuera),Cursos y competencias (eLearning),menu_hr_sgi_competences,30,318,,quimibond_sgi/views/sgi_menus.xml:218
quimibond_sgi,menu_sale_sgi_planning,2438,Presupuesto y pronóstico,sale.sale_menu_root,6,,quimibond_sgi.group_sgi_user,316,Se mueve (módulo de ventas),Presupuesto y pronóstico,sale.sale_menu_root,6,316 → grupo de ventas,decisión 5; conservar res_id,quimibond_sgi/views/sgi_menus.xml:225
quimibond_sgi,menu_sale_sgi_sales_budget,2434,Presupuestos,menu_sale_sgi_planning,10,sgi_sales_budget_action,,316,Se mueve (módulo de ventas),Presupuestos,menu_sale_sgi_planning,10,(hereda; quitar 316 heredado),3 docs y 2 actividades apuntan aquí,quimibond_sgi/views/sgi_menus.xml:228
quimibond_sgi,menu_sale_sgi_sales_forecast,2435,Pronósticos,menu_sale_sgi_planning,20,sgi_sales_forecast_action,,316,Se mueve (módulo de ventas),Pronósticos,menu_sale_sgi_planning,20,(hereda; quitar 316),,quimibond_sgi/views/sgi_menus.xml:230
quimibond_sgi,menu_sale_sgi_sales_analysis,2449,Análisis,menu_sale_sgi_planning,30,,,,Se mueve (módulo de ventas),Análisis,menu_sale_sgi_planning,30,(hereda),,quimibond_sgi/views/sgi_menus.xml:232
quimibond_sgi,menu_sale_sgi_analysis_mercado,2444,Por mercado,menu_sale_sgi_sales_analysis,10,sgi_sales_analysis_mercado_action,,,Se mueve (módulo de ventas),Por mercado,menu_sale_sgi_sales_analysis,10,(hereda),,quimibond_sgi/views/sgi_menus.xml:234
quimibond_sgi,menu_sale_sgi_analysis_cliente,2445,Por cliente,menu_sale_sgi_sales_analysis,20,sgi_sales_analysis_cliente_action,,,Se mueve (módulo de ventas),Por cliente,menu_sale_sgi_sales_analysis,20,(hereda),,quimibond_sgi/views/sgi_menus.xml:236
quimibond_sgi,menu_sale_sgi_analysis_producto,2446,Por producto,menu_sale_sgi_sales_analysis,30,sgi_sales_analysis_producto_action,,,Se mueve (módulo de ventas),Por producto,menu_sale_sgi_sales_analysis,30,(hereda),,quimibond_sgi/views/sgi_menus.xml:238
quimibond_sgi,menu_sale_sgi_analysis_global,2447,Global (Dirección),menu_sale_sgi_sales_analysis,40,sgi_sales_analysis_global_action,,,Se mueve (módulo de ventas),Global (Dirección),menu_sale_sgi_sales_analysis,40,(hereda),,quimibond_sgi/views/sgi_menus.xml:240
quimibond_sgi,menu_sgi_automotive,2401,Calidad preventiva,menu_sgi_root,80,,"quality.group_quality_user,quimibond_sgi.group_sgi_user","66,316",Parent real,Calidad preventiva,quality_control.menu_quality_root,23,"66,316",E-008,quimibond_sgi/views/sgi_menus.xml:251
quimibond_sgi,menu_sgi_control_plans,2402,Planes de control,menu_sgi_automotive,10,sgi_control_plan_action,,,Se queda (fuera),Planes de control,menu_sgi_automotive,10,(hereda),,quimibond_sgi/views/sgi_menus.xml:254
quimibond_sgi,menu_sgi_fmea,2403,AMEF,menu_sgi_automotive,20,sgi_fmea_action,,,Se mueve (satélite),AMEF,menu_sgi_automotive,20,(hereda),decisión 5; 1 actividad apunta aquí,quimibond_sgi/views/sgi_menus.xml:256
quimibond_sgi,menu_sgi_ppap,2404,PPAP,menu_sgi_automotive,30,sgi_ppap_action,,,Se mueve (satélite),PPAP,menu_sgi_automotive,30,(hereda),decisión 5; CLI-01; 2 actividades apuntan aquí,quimibond_sgi/views/sgi_menus.xml:258
quimibond_sgi,menu_sgi_metrology,2405,Metrología,menu_sgi_automotive,40,,,,Se queda (fuera),Metrología,menu_sgi_automotive,40,(hereda),,quimibond_sgi/views/sgi_menus.xml:260
quimibond_sgi,menu_sgi_measuring_equipment,2406,Equipos de medición,menu_sgi_metrology,10,sgi_equipment_action_measuring,,,Se queda (fuera),Equipos de medición,menu_sgi_metrology,10,(hereda),,quimibond_sgi/views/sgi_menus.xml:262
quimibond_sgi,menu_sgi_calibrations,2407,Calibraciones,menu_sgi_metrology,20,sgi_calibration_action,,,Se queda (fuera),Calibraciones,menu_sgi_metrology,20,(hereda),,quimibond_sgi/views/sgi_menus.xml:264
quimibond_sgi,menu_sgi_msa,2508,Estudios MSA,menu_sgi_metrology,30,sgi_msa_study_action,,,Se mueve (satélite),Estudios MSA,menu_sgi_metrology,30,(hereda),decisión 5,quimibond_sgi/views/sgi_menus.xml:266
quimibond_sgi,menu_sgi_dashboards,2379,Tableros (SGI),menu_sgi_root,85,,"quality.group_quality_user,quimibond_sgi.group_sgi_manager","66,318",Parent real + renombra,Análisis de calidad (SGI),quality_control.menu_quality_root,24,"66,318",E-008; pregunta 5,quimibond_sgi/views/sgi_menus.xml:275
quimibond_sgi,menu_sgi_dashboard_alerts,2380,Pareto de alertas de calidad,menu_sgi_dashboards,10,sgi_quality_alert_action_pareto,,,Se queda (fuera),Pareto de alertas de calidad,menu_sgi_dashboards,10,(hereda),,quimibond_sgi/views/sgi_menus.xml:278
quimibond_sgi,menu_sgi_coa_inbox,2567,COA recibidos,menu_sgi_automotive,60,sgi_coa_inbox_action,"quality.group_quality_user,quimibond_sgi.group_sgi_manager","66,318",Se queda (fuera),COA recibidos,menu_sgi_automotive,60,"66,318",A-018: 0 registros,quimibond_sgi/views/sgi_menus.xml:286
quimibond_sgi,menu_sgi_my_staff_efficiency,2604,Eficiencias de mi área,menu_sgi_panel,50,sgi_staff_efficiency_action,quimibond_sgi.group_sgi_efficiency_capture,327,Se queda,Eficiencias de mi área,menu_sgi_panel,50,327,,quimibond_sgi/views/sgi_menus.xml:293
quimibond_sgi,menu_sgi_my_procedure,2568,Mi procedimiento,menu_sgi_panel,20,sgi_my_procedure_action_mine,,,Se queda,Mi procedimiento,menu_sgi_panel,20,(hereda),,quimibond_sgi/views/sgi_my_procedure_views.xml:629
quimibond_sgi,menu_sgi_my_pending,2594,Mis pendientes,menu_sgi_panel,10,sgi_my_pending_action_mine,,,Se queda,Mis pendientes,menu_sgi_panel,10,(hereda),E-003 (aprobaciones archivadas),quimibond_sgi/views/sgi_my_procedure_views.xml:632
quimibond_sgi,menu_sgi_my_team,2569,Mi equipo,menu_sgi_panel,40,sgi_my_team_action_mine,,,Se queda,Mi equipo,menu_sgi_panel,40,(hereda),,quimibond_sgi/views/sgi_my_procedure_views.xml:635
quimibond_sgi,menu_sgi_my_indicators,2595,Mis indicadores,menu_sgi_panel,30,sgi_indicator_action_mine,,,Se queda,Mis indicadores,menu_sgi_panel,30,(hereda),,quimibond_sgi/views/sgi_my_procedure_views.xml:654
quimibond_sgi,menu_hr_sgi_staff_efficiency,2589,Eficiencias de personal (SGI),hr.menu_hr_root,72,,hr.group_hr_user,68,Se renombra (fuera),Eficiencias de personal,hr.menu_hr_root,72,68 → depurar (F-004),sin paréntesis,quimibond_sgi/views/sgi_staff_efficiency_views.xml:152
quimibond_sgi,menu_sgi_staff_efficiency,2590,Hojas mensuales,menu_hr_sgi_staff_efficiency,10,sgi_staff_efficiency_action,,,Se queda (fuera),Hojas mensuales,menu_hr_sgi_staff_efficiency,10,(hereda),,quimibond_sgi/views/sgi_staff_efficiency_views.xml:155
quimibond_sgi,menu_sgi_staff_efficiency_analysis,2591,Análisis por empleado,menu_hr_sgi_staff_efficiency,20,sgi_staff_efficiency_line_action,,,Se queda (fuera),Análisis por empleado,menu_hr_sgi_staff_efficiency,20,(hereda),,quimibond_sgi/views/sgi_staff_efficiency_views.xml:157
quimibond_sgi_revisado,menu_sgi_dashboard_defectos,2418,Pareto de defectos (revisado),quimibond_sgi.menu_sgi_dashboards,20,mrp_revision_log_action_pareto,,,Se queda (satélite revisado),Pareto de defectos (revisado),quimibond_sgi.menu_sgi_dashboards,20,(hereda),quimibond_sgi_revisado,quimibond_sgi_revisado/views/mrp_revision_log_views.xml:52
quimibond_sgi,menu_sgi_dropbox,(nuevo),,,,,,,Se crea,Del Dropbox a Odoo,menu_sgi_processes,60,"(hereda: 316,317); edición por ACL solo 318",carpeta nueva (decisión 7),views/sgi_menus.xml
quimibond_sgi,menu_sgi_dropbox_search,(nuevo),,,,,,,Se crea,Buscador por clave anterior,menu_sgi_dropbox,10,(hereda),acción nueva sgi_dropbox_key_action,views/sgi_menus.xml
quimibond_sgi,menu_sgi_dropbox_procedures,(nuevo),,,,,,,Se crea,Procedimientos anteriores,menu_sgi_dropbox,20,(hereda),acción nueva sgi_dropbox_procedure_action,views/sgi_menus.xml
quimibond_sgi,menu_sgi_dropbox_routines,(nuevo),,,,,,,Se crea,Rutina por rutina,menu_sgi_dropbox,40,(hereda),acción nueva sgi_dropbox_routine_action (modelo del agente L),views/sgi_menus.xml
quimibond_sgi,menu_sgi_dropbox_progress,(nuevo),,,,,,,Se crea,Avance de la transición,menu_sgi_dropbox,50,(hereda),acción nueva sgi_dropbox_progress_action,views/sgi_menus.xml
