id,clave,estado_sgi,estado_migracion,sustituido_por,proceso,tiene_pdf
3499,P-A01,vigente,migrado,,S4,1
3501,P-A02,vigente,migrado,S1,S1,1
3572,P-A03,vigente,migrado,C3,C3,1
3505,P-A04,vigente,migrado,,E2,1
3507,P-A07,vigente,migrado,C6,C6,1
3509,P-A10,vigente,migrado,E1,E1,1
3511,P-A12,vigente,migrado,C3,C3,1
3518,P-A14,vigente,migrado,,E2,1
5556,P-A14 MEDIO AMBIENTE Y SEGURIDAD EN EL TRABAJO,borrador,pendiente,,E2,1
3520,P-A16,vigente,migrado,C2,C2,1
3522,P-A17,vigente,migrado,,E2,1
3524,P-A18,vigente,migrado,,E2,1
3526,P-A19,vigente,migrado,,E2,1
3528,P-A20,vigente,migrado,,E2,1
3532,P-A24,vigente,migrado,,E2,1
3534,P-A25,vigente,migrado,S3,S3,1
3536,P-A26,vigente,migrado,,S4,1
5119,P-A28,obsoleto,baja,,C2,0
3538,P-A28,vigente,migrado,,C2,1
3540,P-A32,vigente,migrado,E1,E1,1
3542,P-A33,vigente,migrado,E2,E2,1
3545,P-C01,vigente,migrado,,C5,1
3546,P-C02,vigente,migrado,,C5,1
3547,P-C03,vigente,migrado,,C5,1
3548,P-C04,vigente,migrado,,C5,1
3549,P-C05,vigente,migrado,,C5,1
3550,P-C06,vigente,migrado,C5,C5,1
3551,P-C07,vigente,migrado,C2,C2,1
3552,P-C09,vigente,migrado,,C5,1
3553,P-C11,vigente,migrado,C5,C5,1
3554,P-C12,vigente,migrado,C5,C5,1
3555,P-C13,vigente,migrado,,C5,1
3556,P-C14,vigente,migrado,C5,C5,1
3557,P-C16,vigente,migrado,,C5,1
3558,P-C17,vigente,migrado,,C5,1
3562,P-D01,vigente,migrado,C1,C1,1
3563,P-D02,vigente,migrado,,C1,1
3576,P-E01,vigente,migrado,E2,E2,1
3577,P-E02,vigente,migrado,E2,E2,1
3578,P-E04,vigente,migrado,E2,E2,1
3579,P-E06,vigente,migrado,E2,E2,1
3565,P-G01,vigente,migrado,,E2,1
3566,P-G03,vigente,migrado,,E2,1
3567,P-G04,vigente,migrado,C5,C5,1
3568,P-G05,vigente,migrado,,E2,1
3560,P-I01,vigente,migrado,,C4,1
3570,P-M01,vigente,migrado,S5,S5,1
3573,P-P01,vigente,migrado,,C4,1
3574,P-P02,vigente,migrado,C4,C4,1
3581,P-S01,vigente,migrado,E2,E2,1
3582,P-S02,vigente,migrado,,E2,1
3583,P-S03,vigente,migrado,,E2,1
