modelo,sin_help,prioridad_alta
quality.alert,62,43
sgi.my.procedure,51,17
sgi.process,47,9
sgi.activity.role,38,17
sgi.process.activity,36,20
sgi.indicator,33,21
sgi.activity.change,32,16
sgi.indicator.measure,31,21
documents.document,30,19
sgi.risk,30,23
approval.request,26,19
sgi.audit,23,15
sgi.machine.sheet,22,10
project.project,20,10
sgi.incident,18,11
sgi.management.review,18,8
sgi.fmea.line,17,0
sgi.staff.efficiency.line,17,9
res.config.settings,16,16
sgi.sales.budget.line,16,9
hr.employee,15,5
sgi.action.line,15,11
sgi.indicator.measure.split,15,10
sgi.sales.budget,15,5
sgi.epp.delivery,14,9
maintenance.equipment,13,6
sgi.staff.efficiency,13,6
sgi.audit.checklist.line,12,0
sgi.control.plan,12,5
sgi.csh.inspection,12,5
sgi.emergency.plan,12,8
sgi.fmea,12,7
sgi.health.record,12,10
sgi.legal.requirement,12,9
sgi.activity.week.stat,11,6
sgi.audit.finding,11,6
sgi.calibration,11,7
sgi.deliverable,11,3
hr.job,10,3
project.task,10,4
res.partner,10,5
sgi.activity.link,10,7
sgi.competence.gap,10,8
sgi.emergency.drill,10,7
sgi.my.pending,10,6
sgi.activity.change.role,9,0
sgi.activity.exec.stat,9,8
sgi.audit.program.line,9,0
sgi.catalog.load.wizard,9,2
sgi.csh.finding,9,0
sgi.dev.characteristic,9,0
sgi.direction.board,9,6
sgi.interested.party,9,7
sgi.machine.sheet.yarn,9,0
sgi.management.review.agreement,9,0
sgi.my.procedure.mixin,9,0
sgi.norm.clause,9,4
sgi.ppap,9,7
sgi.ppap.element,9,0
sgi.checklist.template,8,4
sgi.document.ack,8,4
sgi.indicator.term,8,6
sgi.process.flow,8,4
sgi.supplier.eval,8,6
stock.picking,8,4
maintenance.request,7,5
sgi.checklist.line,7,0
sgi.epp.delivery.line,7,0
sgi.legal.evaluation,7,5
sgi.machine.sheet.param,7,0
sgi.objective,7,1
helpdesk.ticket,6,6
hr.employee.public,6,4
sgi.activity.spec.gap,6,4
sgi.coa.inbox,6,2
sgi.diagnostic,6,0
sgi.diagnostic.line,6,2
sgi.indicator.step,6,0
sgi.job.family,6,1
sgi.lock.date.log,6,5
sgi.msa.study,6,4
sgi.policy,6,2
sgi.process.stage,6,0
sgi.sales.budget.import,6,2
sgi.activity.input,5,0
sgi.alert.source,5,1
sgi.catalog.load.wizard.line,5,0
sgi.inventory.value,5,1
sgi.sign.request.wizard,5,3
quality.point,4,1
sgi.acuse.attach.wizard,4,1
sgi.area,4,1
sgi.audit.program,4,2
sgi.checklist.finish,4,3
sgi.legal.evaluate,4,3
sgi.norm,4,0
sgi.ppap.element.template,4,1
sgi.process.responsibility,4,0
sgi.checklist.template.item,3,0
sgi.coa.attach.wizard,3,3
sgi.document.type,3,0
sgi.format.map,3,0
sgi.my.procedure.check,3,3
sgi.nc.cancel,3,2
sgi.sign.record.mixin,3,0
product.product,2,0
quality.alert.stage,2,0
sale.order,2,0
sgi.calculated.connection.mixin,2,0
sgi.coa.exception.wizard,2,1
sgi.instruction.publish,2,2
sgi.nc.force.close,2,1
sgi.risk.category,2,0
slide.channel,2,2
approval.category,1,1
ir.actions.act_window.view,1,0
ir.ui.view,1,0
mrp.production,1,0
product.template,1,0
project.task.type,1,0
purchase.order,1,0
sgi.base.mixin,1,0
sgi.format.mixin,1,0
