sgi.process.activity id,numeral
568,C1.05
569,C1.06
581,C1.18
755,C1.19
400,C2.28
404,C2.32
408,C2.36
748,C2.37
749,C2.38
751,C2.40
752,C2.41
784,C2.42
785,C2.43
505,C3.01
508,C3.07
510,C3.10
511,C3.11
513,C3.13
514,C3.14
765,C3.15
766,C3.16
767,C3.17
768,C3.18
515,C4.02
517,C4.04
522,C4.10
525,C4.13
532,C4.23
550,C5.03
551,C5.04
556,C5.10
558,C5.12
563,C5.18
738,C5.19
739,C5.20
744,C5.25
745,C5.26
747,C5.28
477,C6.19
481,C6.24
482,C6.25
483,C6.26
754,C6.28
684,E1.03
686,E1.05
687,E1.06
688,E1.07
689,E1.08
691,E1.10
694,E2.03
713,E2.15
737,E2.39
486,S1.04
492,S1.12
493,S1.13
495,S1.17
496,S1.18
498,S1.22
501,S1.25
503,S1.27
504,S1.28
427,S2.04
433,S2.14
434,S2.16
439,S2.23
440,S2.24
596,S3.02
597,S3.03
600,S3.06
601,S3.07
602,S3.08
604,S3.10
605,S3.11
607,S3.13
608,S3.14
614,S3.20
615,S3.21
643,S4.01
648,S4.06
652,S4.10
654,S4.12
661,S4.19
663,S4.21
664,S4.22
665,S4.23
666,S4.24
667,S4.25
668,S4.26
669,S4.27
757,S4.29
761,S4.33
774,S4.38
592,S5.11
594,S5.13
779,S5.18
673,S6.04
674,S6.05
679,S6.10
680,S6.11
681,S6.12
