hr.employee id,hr.job id
501,243
558,243
552,243
496,243
522,243
514,243
530,243
503,191
544,285
467,218
444,223
255,203
460,203
513,79
446,79
454,190
349,190
272,210
105,210
258,210
85,271
261,251
32,251
564,211
270,215
410,185
88,185
499,185
94,185
471,220
273,197
466,197
475,197
458,197
455,197
276,63
109,63
277,63
275,63
399,208
285,264
250,259
561,301
560,301
48,268
451,239
481,239
312,241
259,248
350,76
605,333
24,266
543,284
555,298
484,274
433,71
282,61
370,61
559,300
604,275
498,275
565,297
562,297
602,297
111,69
307,68
314,77
113,77
315,74
281,75
280,75
308,57
427,57
316,57
318,57
317,59
478,59
423,59
432,59
603,59
487,59
452,59
117,66
333,66
542,66
485,65
551,65
322,78
369,282
449,283
325,258
74,279
292,252
324,256
293,256
294,263
297,238
295,238
415,242
81,242
479,265
78,277
300,253
404,272
134,272
289,246
287,262
520,200
145,250
301,250
453,247
47,240
386,187
