sgi.deliverable id,code,clasificacion_propuesta (externo = disparador legitimo; interno = otra actividad del mapa deberia entregarlo)
532,E2-RIESGO-ACCION,interno
539,S4-CAMBIO-SAL,interno
508,E2-AVISO-AUD-EXT,externo
527,E2-AVISO-CONT,externo
529,E2-PIPC,interno
536,C5-SCORECARD,externo
307,C3-CAMBIO,externo
535,C5-CAMBIO,interno
528,E2-STPS,externo
396,S3-VALES-CAJA,interno
481,S6-EQUIPO,interno
389,S5-EQUIPO-NUEVO,interno
394,S3-EDO-CUENTA,externo
283,S1-CFDI,externo
319,C4-FALLA,externo
507,E2-HALLAZGO,externo
530,E2-ACCIDENTE,externo
540,S4-INCUMPLIMIENTO,externo
524,E2-JORNADA,externo
533,C5-MP-NUEVA,interno
538,C6-PROP-CLIENTE,externo
246,C6-MATERIAL,externo
254,C6-SOL-MUESTRA,interno
531,E2-DOC-EXT,externo
308,C3-SOL-CANCEL,interno
318,C4-OP-AREA,interno
144,C2-PED-EXT,externo
306,E1-PRONOSTICO,interno
281,S1-SOL-PROV,externo
543,S4-PUESTO,interno
146,C2-QUEJA,externo
320,C5-RECETA,interno
284,S1-RECLAMO-PAGO,externo
450,S4-ASISTENCIA,interno
143,C2-RELEASE,externo
449,S4-SOL-BAJA,externo
398,S3-REQUERIMIENTO,externo
248,C4-REQ,interno
448,S4-REQUISICION,interno
282,S1-SERVICIO,externo
525,E2-SOL-EPP,externo
145,C2-SOL-ALTA,externo
506,E2-SOL-DOC,externo
541,S4-CAMBIO-CTA,externo
480,S6-SOL-CAMBIO,externo
537,C2-SOL-COT,externo
199,S2-SOL-ANTICIPO,externo
494,E1-SOL-INVERSION,externo
365,C1-SOLICITUD,externo
542,S4-SOL-PRESTAMO,externo
397,S3-SOL-REAPERTURA,externo
253,C6-SOL-REETIQ,externo
526,E2-SOL-TAR,externo
479,S6-TICKET,externo
249,C6-VALE,interno
280,S1-NEGOCIACION,externo
544,C2-VISITA,interno
